customer_id,customer_name,order_id,product_name,sales
SM-20320,Sean Miller,CA-2014-145317,Cisco TelePresence System EX90 Videoconferencing Unit,22638.48
TC-20980,Tamara Chand,CA-2016-118689,Canon imageCLASS 2200 Advanced Copier,17499.95
RB-19360,Raymond Buch,CA-2017-140151,Canon imageCLASS 2200 Advanced Copier,13999.96
TA-21385,Tom Ashbrook,CA-2017-127180,Canon imageCLASS 2200 Advanced Copier,11199.968
HL-15040,Hunter Lopez,CA-2017-166709,Canon imageCLASS 2200 Advanced Copier,10499.97
AB-10105,Adrian Barton,CA-2016-117121,GBC Ibimaster 500 Manual ProClick Binding System,9892.74
SC-20095,Sanjit Chand,CA-2014-116904,Ibico EPK-21 Electric Binding System,9449.95
BS-11365,Bill Shonely,US-2016-107440,"3D Systems Cube Printer, 2nd Generation, Magenta",9099.93
SE-20110,Sanjit Engle,CA-2016-158841,"HP Designjet T520 Inkjet Large Format Printer - 24"" Color",8749.95
CC-12370,Christopher Conant,CA-2016-143714,Canon imageCLASS 2200 Advanced Copier,8399.976
KL-16645,Ken Lonsdale,CA-2014-143917,High Speed Automatic Electric Letter Opener,8187.65
BM-11140,Becky Martin,CA-2014-139892,Lexmark MX611dhe Monochrome Laser Printer,8159.952
GT-14635,Grant Thornton,US-2017-168116,Cubify CubeX 3D Printer Triple Head Print,7999.98
TB-21400,Tom Boeckenhauer,CA-2014-145541,"HP Designjet T520 Inkjet Large Format Printer - 24"" Color",6999.96
CM-12385,Christopher Martinez,CA-2015-145352,Fellowes PB500 Electric Punch Plastic Comb Binding Machine with Manual Bind,6354.95
AR-10540,Andy Reiter,CA-2017-138289,GBC DocuBind P400 Electric Binding System,5443.96
DR-12940,Daniel Raglin,US-2016-140158,Hewlett Packard LaserJet 3310 Copier,5399.91
TS-21370,Todd Sumrall,CA-2017-143112,"3D Systems Cube Printer, 2nd Generation, Magenta",5199.96
JW-15220,Jane Waco,CA-2017-135909,Fellowes PB500 Electric Punch Plastic Comb Binding Machine with Manual Bind,5083.96
EH-13765,Edward Hooks,CA-2016-136301,High Speed Automatic Electric Letter Opener,4912.59
KD-16270,Karen Daniels,US-2016-143819,Ativa V4110MDD Micro-Cut Shredder,4899.93
HM-14860,Harry Marie,US-2015-128587,Canon PC1060 Personal Laser Copier,4899.93
NC-18535,Nick Crebassa,CA-2017-149881,Cubify CubeX 3D Printer Double Head Print,4799.984
JA-15970,Joseph Airdo,CA-2017-158379,Martin Yale Chadless Opener Electric Letter Opener,4663.736
KD-16495,Keith Dawkins,CA-2015-114811,Zebra ZM400 Thermal Label Printer,4643.8
JM-15865,John Murray,CA-2014-144624,Apple iPhone 5,4548.81
DP-13390,Dennis Pardue,CA-2016-138478,Ibico EPK-21 Electric Binding System,4535.976
CS-12505,Cindy Stewart,CA-2016-108196,Cubify CubeX 3D Printer Double Head Print,4499.985
MJ-17740,Max Jones,CA-2016-100300,Okidata MB760 Printer,4476.8
TP-21415,Tom Prescott,CA-2017-118892,HON 5400 Series Task Chairs for Big and Tall,4416.174
QJ-19255,Quincy Jones,CA-2015-117086,"Riverside Palais Royal Lawyers Bookcase, Royale Cherry Finish",4404.9
PO-18850,Patrick O'Brill,CA-2017-129021,Samsung Galaxy Mega 6.3,4367.896
AB-10060,Adam Bellavance,CA-2016-129714,GBC DocuBind P400 Electric Binding System,4355.168
PK-19075,Pete Kriz,US-2017-102183,GBC DocuBind TL300 Electric Binding System,4305.552
JH-15985,Joseph Holt,CA-2015-116638,Chromcraft Bull-Nose Wood Oval Conference Tables & Bases,4297.644
PF-19120,Peter Fuller,US-2015-126977,"Riverside Palais Royal Lawyers Bookcase, Royale Cherry Finish",4228.704
GM-14695,Greg Maxwell,CA-2014-102988,Martin Yale Chadless Opener Electric Letter Opener,4164.05
CP-12085,Cathy Prescott,US-2017-167402,Martin Yale Chadless Opener Electric Letter Opener,4164.05
KF-16285,Karen Ferguson,CA-2016-159016,Apple iPhone 5,4158.912
GT-14710,Greg Tran,CA-2014-128209,DMI Eclipse Executive Suite Bookcases,4007.84
CJ-12010,Caroline Jumper,CA-2016-128818,Bady BDG101FRU Card Printer,3999.95
NM-18445,Nathan Mautz,CA-2014-164973,Canon imageCLASS MF7460 Monochrome Digital Laser Multifunction Copier,3991.98
AA-10315,Alex Avila,CA-2016-103982,High Speed Automatic Electric Letter Opener,3930.072
SD-20485,Shirley Daniels,CA-2015-120782,Fellowes PB500 Electric Punch Plastic Comb Binding Machine with Manual Bind,3812.97
LW-17215,Luke Weiss,CA-2014-116246,HON 5400 Series Task Chairs for Big and Tall,3785.292
NP-18700,Nora Preis,CA-2014-168494,Bretford Rectangular Conference Table Tops,3610.848
LA-16780,Laura Armstrong,CA-2016-122903,HON 5400 Series Task Chairs for Big and Tall,3504.9
KH-16690,Kristen Hastings,CA-2014-163223,Samsung Galaxy S4 Active,3499.93
MS-17365,Maribeth Schnelling,CA-2016-107104,DMI Eclipse Executive Suite Bookcases,3406.664
SR-20740,Steven Roelle,CA-2017-165323,Hewlett-Packard Desktjet 6988DT Refurbished Printer,3404.5
EB-13840,Ellis Ballard,CA-2015-164301,Bush Advantage Collection Racetrack Conference Table,3393.68
PS-19045,Penelope Sewall,CA-2017-133865,Canon Imageclass D680 Copier / Fax,3359.952
RH-19510,Rick Huthwaite,CA-2016-169663,Okidata MB760 Printer,3357.6
KC-16540,Kelly Collister,CA-2016-145625,Logitech P710e Mobile Speakerphone,3347.37
GH-14425,Gary Hwang,CA-2014-144414,GBC DocuBind P400 Electric Binding System,3266.376
FH-14365,Fred Hopkins,CA-2015-111829,Canon PC940 Copier,3149.93
TB-21520,Tracy Blumstein,US-2015-150630,"Riverside Palais Royal Lawyers Bookcase, Royale Cherry Finish",3083.43
KW-16435,Katrina Willman,CA-2015-102491,Cisco 9971 IP Video Phone Charcoal,3080.0
SB-20290,Sean Braxton,US-2014-106992,Lexmark MX611dhe Monochrome Laser Printer,3059.982
BW-11110,Bart Watters,CA-2017-159366,Lexmark MX611dhe Monochrome Laser Printer,3059.982
LC-16885,Lena Creighton,US-2015-163825,Fellowes PB500 Electric Punch Plastic Comb Binding Machine with Manual Bind,3050.376
MC-17425,Mark Cousins,CA-2016-133711,Hewlett-Packard Deskjet 3050a All-in-One Color Inkjet Printer,3040.0
ME-17320,Maria Etezadi,CA-2016-160717,Samsung Galaxy Mega 6.3,3023.928
AD-10180,Alan Dominguez,CA-2017-127432,Canon Image Class D660 Copier,2999.95
JE-15610,Jim Epp,CA-2017-133263,Hewlett Packard LaserJet 3310 Copier,2999.95
SB-20185,Sarah Brown,CA-2015-149846,Zebra GX420t Direct Thermal/Thermal Transfer Printer,2973.32
BD-11500,Bradley Drucker,US-2017-105935,Samsung Galaxy Mega 6.3,2939.93
YC-21895,Yoseph Carroll,CA-2014-119375,Smead Adjustable Mobile File Trolley with Lockable Top,2934.33
SV-20365,Seth Vernon,CA-2017-100111,Hon 4070 Series Pagoda Armless Upholstered Stacking Chairs,2888.127
SC-20230,Scot Coram,US-2016-126452,Bretford CR8500 Series Meeting Room Furniture,2887.056
RM-19675,Robert Marley,CA-2017-145219,Hewlett Packard LaserJet 3310 Copier,2879.952
RP-19390,Resi Pölking,CA-2014-120474,Office Star - Professional Matrix Back Chair with 2-to-1 Synchro Tilt and Mesh Fabric Seat,2807.84
SC-20305,Sean Christensen,CA-2015-164777,HON 5400 Series Task Chairs for Big and Tall,2803.92
DM-13015,Darrin Martin,CA-2014-160766,Ativa V4110MDD Micro-Cut Shredder,2799.96
IM-15055,Ionia McGrath,CA-2016-129630,Canon PC1060 Personal Laser Copier,2799.96
NW-18400,Natalie Webber,US-2015-160857,Sharp AL-1530CS Digital Copier,2799.944
YS-21880,Yana Sorensen,CA-2017-119809,Fellowes PB300 Plastic Comb Binding Machine,2793.528
SA-20830,Sue Ann Reed,CA-2014-154627,Apple iPhone 5S,2735.952
MW-18235,Mitch Willingham,CA-2014-117639,Fellowes PB300 Plastic Comb Binding Machine,2715.93
DM-13345,Denise Monton,CA-2017-157854,GBC DocuBind TL300 Electric Binding System,2690.97
AS-10285,Alejandro Savely,US-2016-164196,Balt Solid Wood Round Tables,2678.94
LC-16960,Lindsay Castell,CA-2015-111038,GuestStacker Chair with Chrome Finish Legs,2676.672
SF-20200,Sarah Foster,CA-2017-123967,Hon 94000 Series Round Tables,2665.62
AT-10735,Annie Thurman,CA-2015-123113,"Sanyo Counter Height Refrigerator with Crisper, 3.6 Cubic Foot, Stainless Steel/Black",2625.12
JL-15835,John Lee,CA-2014-127299,"HP Designjet T520 Inkjet Large Format Printer - 24"" Color",2624.985
ED-13885,Emily Ducich,CA-2015-160227,Hon Olson Stacker Chairs,2621.322
GK-14620,Grace Kelly,US-2016-116729,Samsung Galaxy Note 2,2575.944
BD-11320,Bill Donatelli,CA-2015-120677,Hon Pagoda Stacking Chairs,2567.84
JE-15715,Joe Elijah,CA-2016-169670,Hon 4700 Series Mobuis Mid-Back Task Chairs with Adjustable Arms,2563.056
SR-20425,Sharelle Roach,CA-2017-134845,Lexmark MX611dhe Monochrome Laser Printer,2549.985
CL-12565,Clay Ludtke,CA-2015-135580,Zebra GX420t Direct Thermal/Thermal Transfer Printer,2548.56
PW-19240,Pierre Wener,CA-2015-162782,Fellowes PB500 Electric Punch Plastic Comb Binding Machine with Manual Bind,2541.98
RW-19540,Rick Wilson,CA-2017-166093,Sanyo 2.5 Cubic Foot Mid-Size Office Refrigerators,2518.29
JD-16150,Justin Deggeller,CA-2017-168858,Hoover Shoulder Vac Commercial Portable Vacuum,2504.74
JK-16090,Juliana Krohn,CA-2017-160885,ClearOne CHATAttach 160 - speaker phone,2479.96
JE-15745,Joel Eaton,CA-2015-139731,HON 5400 Series Task Chairs for Big and Tall,2453.43
MT-17815,Meg Tillman,CA-2016-104157,"Office Impressions End Table, 20-1/2""H x 24""W x 20""D",2430.08
HW-14935,Helen Wasserman,CA-2017-121559,Honeywell Enviracaire Portable HEPA Air Cleaner for 17' x 22' Room,2405.2
TT-21070,Ted Trevino,CA-2017-122490,Global Troy Executive Leather Low-Back Tilter,2404.704
HR-14830,Harold Ryan,US-2017-135013,Hewlett Packard LaserJet 3310 Copier,2399.96
HK-14890,Heather Kirkland,US-2017-141677,Canon PC1080F Personal Copier,2399.96
LC-16930,Linda Cazamias,CA-2016-107202,Panasonic KX MB2061 Multifunction Printer,2396.4
AG-10675,Anna Gayman,CA-2016-108987,"Riverside Palais Royal Lawyers Bookcase, Royale Cherry Finish",2396.2656
JK-15640,Jim Kriz,CA-2017-168109,Okidata MB491 Multifunction Printer,2395.2
ES-14020,Erica Smith,US-2017-163300,GBC DocuBind 200 Manual Binding Machine,2357.488
PP-18955,Paul Prost,CA-2014-126683,"Bevis Oval Conference Table, Walnut",2348.82
Dp-13240,Dean percer,CA-2015-169796,Zebra ZM400 Thermal Label Printer,2321.9
RH-19495,Rick Hansen,CA-2015-124891,Plantronics CS510 - Over-the-Head monaural Wireless Headset System,2309.65
CM-12655,Corinna Mitchell,US-2016-113677,Xiaomi Mi3,2279.96
AH-10690,Anna Häberlin,CA-2016-113831,Hon Rectangular Conference Tables,2275.5
TB-21175,Thomas Boland,CA-2017-143567,Logitech diNovo Edge Keyboard,2249.91
PM-19135,Peter McVee,US-2015-134558,Logitech diNovo Edge Keyboard,2249.91
TS-21205,Thomas Seio,CA-2017-119284,Samsung Galaxy S III - 16GB - pebble blue (T-Mobile),2239.936
LF-17185,Luke Foster,CA-2014-169019,GBC DocuBind P400 Electric Binding System,2177.584
NP-18670,Nora Paige,CA-2017-150091,"Global Adaptabilites Bookcase, Cherry/Storm Gray Finish",2154.9
JD-15895,Jonathan Doherty,CA-2016-143805,Honeywell Enviracaire Portable HEPA Air Cleaner for 17' x 22' Room,2104.55
DB-13270,Deborah Brumfield,CA-2016-163804,Deluxe Rollaway Locking File with Drawer,2079.4
RB-19795,Ross Baird,US-2017-110576,"Riverside Furniture Oval Coffee Table, Oval End Table, End Table with Drawer",2065.32
MZ-17515,Mary Zewe,CA-2014-128524,Fellowes PB500 Electric Punch Plastic Comb Binding Machine with Manual Bind,2033.584
NF-18385,Natalie Fritzler,CA-2015-147830,Plantronics Savi W720 Multi-Device Wireless Headset System,2025.36
TW-21025,Tamara Willingham,CA-2015-137113,Global Troy Executive Leather Low-Back Tilter,2003.92
CM-12160,Charles McCrossin,CA-2016-155530,Bretford Just In Time Height-Adjustable Multi-Task Work Tables,2003.52
LP-17095,Liz Preis,CA-2017-121790,Samsung Galaxy S4,2003.168
DW-13480,Dianna Wilson,CA-2014-131926,Global Deluxe High-Back Manager's Chair,2001.86
HG-15025,Hunter Glantz,CA-2014-163748,Hewlett Packard 610 Color Digital Copier / Printer,1999.96
CA-11965,Carol Adams,CA-2016-157791,Hewlett Packard 610 Color Digital Copier / Printer,1999.96
RA-19915,Russell Applegate,CA-2014-134313,ClearOne CHATAttach 160 - speaker phone,1983.968
DG-13300,Deirdre Greer,CA-2017-123372,Google Nexus 5,1979.89
JE-16165,Justin Ellison,CA-2016-114489,"Hon Deluxe Fabric Upholstered Stacking Chairs, Rounded Back",1951.84
SP-20620,Stefania Perrino,US-2017-118087,Samsung Galaxy Note 2,1931.958
ND-18370,Natalie DeCherney,CA-2015-114069,Safco Contoured Stacking Chairs,1931.04
BE-11335,Bill Eplett,CA-2017-137596,Maxell iVDR EX 500GB Cartridge,1928.78
FC-14245,Frank Carlisle,CA-2016-147256,Honeywell Enviracaire Portable HEPA Air Cleaner for 16' x 20' Room,1927.59
RW-19690,Robert Waldorf,CA-2017-167752,Honeywell Enviracaire Portable HEPA Air Cleaner for 17' x 22' Room,1924.16
CC-12145,Charles Crestani,CA-2015-121797,Bady BDG101FRU Card Printer,1919.976
HG-14965,Henry Goldwyn,US-2017-122714,Ibico EPK-21 Electric Binding System,1889.99
TT-21460,Tonja Turnell,CA-2017-141439,Samsung Galaxy S4 Mini,1879.96
VP-21760,Victoria Pisteka,CA-2017-159100,Balt Solid Wood Round Tables,1875.258
JK-15205,Jamie Kunitz,CA-2015-125976,Cisco SPA301,1871.88
SC-20050,Sample Company A,US-2014-131275,Tennsco 6- and 18-Compartment Lockers,1856.19
IM-15070,Irene Maddox,CA-2014-120768,High-Back Leather Manager's Chair,1819.86
DL-13495,Dionis Lloyd,US-2017-117723,Tennsco Single-Tier Lockers,1801.632
SM-20950,Suzanne McNair,CA-2014-122931,Tennsco Single-Tier Lockers,1801.632
JD-15790,John Dryer,CA-2015-134719,Tennsco Single-Tier Lockers,1801.632
JG-15115,Jack Garza,US-2014-135972,Canon PC1080F Personal Copier,1799.97
KT-16480,Kean Thornton,CA-2014-116666,Hewlett Packard LaserJet 3310 Copier,1799.97
AC-10450,Amy Cox,CA-2017-141789,GBC DocuBind TL300 Electric Binding System,1793.98
SC-20380,Shahid Collister,CA-2017-142090,Bush Advantage Collection Racetrack Conference Table,1781.682
BB-11545,Brenda Bowman,US-2017-118941,Hon 4700 Series Mobuis Mid-Back Task Chairs with Adjustable Arms,1779.9
AJ-10780,Anthony Jacobs,CA-2014-141313,Hoover Upright Vacuum With Dirt Cup,1737.18
BH-11710,Brosina Hoffman,CA-2014-115812,Chromcraft Rectangular Conference Tables,1706.184
DJ-13630,Doug Jacobs,CA-2017-115602,Kensington 7 Outlet MasterPiece HOMEOFFICE Power Control Center,1704.56
GB-14575,Giulietta Baptist,CA-2015-158421,Global Comet Stacking Arm Chair,1690.04
KM-16375,Katherine Murray,CA-2014-133592,Plantronics Savi W720 Multi-Device Wireless Headset System,1687.8
LW-16990,Lindsay Williams,US-2016-102239,Global Adaptabilities Conference Tables,1685.88
SP-20860,Sung Pak,US-2016-163881,Global Leather Executive Chair,1684.752
AI-10855,Arianne Irving,CA-2014-131387,Samsung Galaxy Mega 6.3,1679.96
RD-19480,Rick Duston,CA-2014-108147,"Tennsco Snap-Together Open Shelving Units, Starter Sets and Add-On Units",1676.88
CR-12580,Clay Rozendal,US-2017-105998,Chromcraft Round Conference Tables,1673.184
MC-17845,Michael Chen,CA-2017-148446,Bretford Just In Time Height-Adjustable Multi-Task Work Tables,1669.6
MP-17965,Michael Paige,CA-2016-142335,Chromcraft Bull-Nose Wood Oval Conference Tables & Bases,1652.94
MM-17920,Michael Moore,US-2016-121013,"Chromcraft Bull-Nose Wood 48"" x 96"" Rectangular Conference Tables",1652.94
NM-18520,Neoma Murray,CA-2016-153598,Logitech Z-906 Speaker sys - home theater - 5.1-CH,1649.95
GZ-14545,George Zrebassa,US-2017-167318,Logitech Z-906 Speaker sys - home theater - 5.1-CH,1649.95
BE-11410,Bobby Elias,CA-2016-125220,Plantronics CS510 - Over-the-Head monaural Wireless Headset System,1649.75
FC-14335,Fred Chung,CA-2017-107517,"Sanyo Counter Height Refrigerator with Crisper, 3.6 Cubic Foot, Stainless Steel/Black",1640.7
TH-21550,Tracy Hopkins,US-2017-120390,GBC DocuBind P400 Electric Binding System,1633.188
BM-11650,Brian Moss,CA-2017-152912,Adjustable Depth Letter/Legal Cart,1633.14
TC-21295,Toby Carlisle,CA-2014-151330,Office Star - Ergonomic Mid Back Chair with 2-Way Adjustable Arms,1628.82
AR-10825,Anthony Rawles,CA-2017-118724,Polycom SoundPoint IP 450 VoIP phone,1626.192
SG-20605,Speros Goranitis,US-2015-127040,Logitech VX Revolution Cordless Laser Mouse for Notebooks (Black),1619.91
JS-15880,John Stevenson,US-2015-126214,Bevis 36 x 72 Conference Tables,1618.37
DC-12850,Dan Campbell,CA-2017-128363,GBC DocuBind TL300 Electric Binding System,1614.582
AM-10705,Anne McFarland,CA-2014-145387,Hon Pagoda Stacking Chairs,1604.9
DJ-13510,Don Jones,CA-2016-128594,Global Troy Executive Leather Low-Back Tilter,1603.136
MA-17995,Michelle Arnett,CA-2016-152247,Global Troy Executive Leather Low-Back Tilter,1603.136
JF-15565,Jill Fjeld,CA-2016-102162,Canon PC-428 Personal Copier,1599.92
RO-19780,Rose O'Brian,CA-2015-155600,GBC Ibimaster 500 Manual ProClick Binding System,1598.058
BO-11350,Bill Overfelt,CA-2016-105207,"Hon Practical Foundations 30 x 60 Training Table, Light Gray/Charcoal",1592.85
TP-21130,Theone Pippenger,CA-2017-120376,Hon GuestStacker Chair,1586.69
CP-12340,Christine Phan,US-2014-148838,Bretford Rectangular Conference Table Tops,1579.746
RD-19660,Robert Dilbeck,CA-2017-103877,GBC DocuBind 300 Electric Binding Machine,1577.94
AH-10210,Alan Hwang,CA-2017-146983,GBC DocuBind 300 Electric Binding Machine,1577.94
PV-18985,Paul Van Hugh,CA-2017-105914,Tennsco Double-Tier Lockers,1575.14
PC-18745,Pamela Coakley,CA-2014-150245,"Atlantic Metals Mobile 4-Shelf Bookcases, Custom Colors",1573.488
JO-15145,Jack O'Briant,US-2016-100461,"Atlantic Metals Mobile 3-Shelf Bookcases, Custom Colors",1565.88
CB-12535,Claudia Bergmann,US-2016-165505,Iceberg Mobile Mega Data/Printer Cart ,1564.29
TH-21115,Thea Hudgings,CA-2016-125087,Tennsco 16-Compartment Lockers with Coat Rack,1554.936
SC-20260,Scott Cohen,CA-2015-111514,"Atlantic Metals Mobile 3-Shelf Bookcases, Custom Colors",1552.831
DB-13120,David Bremer,CA-2015-101889,"Riverside Furniture Oval Coffee Table, Oval End Table, End Table with Drawer",1548.99
SP-20920,Susan Pistek,CA-2016-124590,"Hon Deluxe Fabric Upholstered Stacking Chairs, Rounded Back",1537.074
NC-18415,Nathan Cano,CA-2017-131254,Fellowes PB500 Electric Punch Plastic Comb Binding Machine with Manual Bind,1525.188
EB-13750,Edward Becker,CA-2015-166947,Hon Every-Day Series Multi-Task Chairs,1522.638
ZC-21910,Zuschuss Carroll,CA-2015-115567,Hon Multipurpose Stacking Arm Chairs,1516.2
MH-18025,Michelle Huthwaite,CA-2017-103212,Bretford Rectangular Conference Table Tops,1504.52
TH-21100,Thea Hendricks,CA-2014-153850,Samsung Galaxy S4,1502.376
FM-14290,Frank Merwin,CA-2016-114867,LG G2,1499.97
EM-14140,Eugene Moren,CA-2016-139997,Hewlett Packard 310 Color Digital Copier,1499.95
MG-17680,Maureen Gastineau,US-2017-109316,"Riverside Palais Royal Lawyers Bookcase, Royale Cherry Finish",1497.666
AR-10405,Allen Rosenblatt,US-2017-134481,"Office Impressions End Table, 20-1/2""H x 24""W x 20""D",1488.424
BT-11305,Beth Thompson,CA-2014-166954,GuestStacker Chair with Chrome Finish Legs,1487.04
JL-15505,Jeremy Lonsdale,CA-2017-156776,3.6 Cubic Foot Counter Height Office Refrigerator,1473.1
JF-15415,Jennifer Ferguson,US-2017-142188,Ibico Ibimaster 300 Manual Binding System,1471.96
DJ-13420,Denny Joy,CA-2016-123540,Global Executive Mid-Back Manager's Chair,1454.9
IL-15100,Ivan Liston,CA-2017-143063,Aastra 57i VoIP phone,1454.49
GA-14515,George Ashbrook,CA-2015-155306,Hoover Upright Vacuum With Dirt Cup,1447.65
FO-14305,Frank Olsen,CA-2014-132612,Bevis 44 x 96 Conference Tables,1441.3
AS-10045,Aaron Smayling,CA-2017-162691,Bady BDG101FRU Card Printer,1439.982
CB-12415,Christy Brittain,CA-2016-147417,Hewlett Packard LaserJet 3310 Copier,1439.976
DF-13135,David Flashing,CA-2016-168032,Nokia Lumia 1020,1439.968
SL-20155,Sara Luxemburg,CA-2017-145884,Polycom VVX 310 VoIP phone,1439.92
GM-14680,Greg Matthias,CA-2014-103310,Wilson Electronics DB Pro Signal Booster,1432.0
MH-17455,Mark Hamilton,US-2016-143448,Global Commerce Series High-Back Swivel/Tilt Chairs,1424.9
SJ-20125,Sanjit Jacobs,CA-2017-105669,Polycom VoiceStation 500 Conference phone,1415.76
DE-13255,Deanra Eno,CA-2015-153381,Hon Olson Stacker Stools,1408.1
TM-21010,Tamara Manning,CA-2015-147788,O'Sullivan Living Dimensions 3-Shelf Bookcases,1406.86
SH-20635,Stefanie Holloman,CA-2014-124247,Office Star - Professional Matrix Back Chair with 2-to-1 Synchro Tilt and Mesh Fabric Seat,1403.92
SF-20965,Sylvia Foulston,CA-2016-146913,Office Star - Professional Matrix Back Chair with 2-to-1 Synchro Tilt and Mesh Fabric Seat,1403.92
CM-12235,Chris McAfee,CA-2016-155845,Logitech diNovo Edge Keyboard,1399.944
PJ-19015,Pauline Johnson,CA-2017-143686,Razer Tiamat Over Ear 7.1 Surround Sound PC Gaming Headset,1399.93
VD-21670,Valerie Dominguez,CA-2015-113145,Razer Tiamat Over Ear 7.1 Surround Sound PC Gaming Headset,1399.93
LD-17005,Lisa DeCherney,CA-2014-124856,"Dual Level, Single-Width Filing Carts",1395.54
AS-10225,Alan Schoenberger,CA-2014-110408,Avaya IP Phone 1140E VoIP phone,1394.95
BG-11035,Barry Gonzalez,CA-2015-141565,GBC Ibimaster 500 Manual ProClick Binding System,1369.764
OT-18730,Olvera Toch,CA-2016-107783,GBC Ibimaster 500 Manual ProClick Binding System,1369.764
TS-21430,Tom Stivers,CA-2014-111192,"Rush Hierlooms Collection 1"" Thick Stackable Bookcases",1367.84
JK-15730,Joe Kamberova,CA-2016-105256,Cisco Unified IP Phone 7945G VoIP phone,1363.96
RL-19615,Rob Lucas,CA-2016-144764,Okidata C610n Printer,1362.9
KL-16555,Kelly Lampkin,CA-2017-147760,Motorola Moto X,1359.96
AH-10465,Amy Hunt,CA-2015-141243,O'Sullivan Living Dimensions 5-Shelf Bookcases,1352.3976
MW-18220,Mitch Webber,CA-2014-125997,Panasonic KX-TG9541B DECT 6.0 Digital 2-Line Expandable Cordless Phone With Digital Answering System,1349.91
EN-13780,Edward Nazzal,CA-2016-165848,Panasonic KX MC6040 Color Laser Multifunction Printer,1349.85
EM-13810,Eleni McCrary,CA-2015-113404,Hon 2090 Pillow Soft Series Mid Back Swivel/Tilt Chairs,1348.704
ND-18460,Neil Ducich,CA-2017-107167,"24 Capacity Maxi Data Binder Racks, Pearl",1347.52
KH-16510,Keith Herrera,CA-2017-117457,O'Sullivan 4-Shelf Bookcase in Odessa Pine,1336.829
AG-10270,Alejandro Grove,CA-2016-105732,"Electrix Architect's Clamp-On Swing Arm Lamp, Black",1336.44
RR-19525,Rick Reed,CA-2014-126403,Tennsco 6- and 18-Compartment Lockers,1325.85
BD-11605,Brian Dahlen,CA-2014-157147,Tennsco 6- and 18-Compartment Lockers,1325.85
CL-12700,Craig Leslie,CA-2016-149279,SAFCO Arco Folding Chair,1325.76
GM-14440,Gary McGarr,CA-2014-154893,SAFCO Arco Folding Chair,1325.76
AA-10645,Anna Andreadi,CA-2015-110863,Hon Olson Stacker Chairs,1323.9
DB-13060,Dave Brooks,CA-2014-128146,Wireless Extenders zBoost YX545 SOHO Signal Booster,1322.93
KC-16255,Karen Carlisle,US-2016-138408,Logitech Z-906 Speaker sys - home theater - 5.1-CH,1319.96
ES-14080,Erin Smith,CA-2017-127397,Plantronics CS510 - Over-the-Head monaural Wireless Headset System,1319.8
FP-14320,Frank Preis,CA-2016-111213,"Hon Deluxe Fabric Upholstered Stacking Chairs, Rounded Back",1317.492
DL-12925,Daniel Lacy,US-2014-115196,"3D Systems Cube Printer, 2nd Generation, White",1299.99
BS-11665,Brian Stugart,CA-2016-101791,Standard Rollaway File with Lock,1297.368
SG-20080,Sandra Glassco,CA-2015-164882,Polycom SoundStation2 EX Conference phone,1295.84
DK-13225,Dean Katz,CA-2017-100650,Tennsco 16-Compartment Lockers with Coat Rack,1295.78
VM-21685,Valerie Mitchum,US-2016-150140,Nortel Meridian M5316 Digital phone,1294.75
EB-13705,Ed Braxton,CA-2016-128223,"Bush Cubix Conference Tables, Fully Assembled",1293.488
TB-21280,Toby Braunhardt,CA-2016-134887,Logitech P710e Mobile Speakerphone,1287.45
KB-16240,Karen Bern,CA-2017-162015,Logitech P710e Mobile Speakerphone,1287.45
PW-19030,Pauline Webber,CA-2017-116988,Logitech P710e Mobile Speakerphone,1287.45
AC-10615,Ann Chong,CA-2017-157987,Global Commerce Series High-Back Swivel/Tilt Chairs,1282.41
TN-21040,Tanja Norvell,CA-2016-109869,Bush Advantage Collection Racetrack Conference Table,1272.63
BF-11170,Ben Ferrer,CA-2016-159891,Fellowes PB500 Electric Punch Plastic Comb Binding Machine with Manual Bind,1270.99
JB-16045,Julia Barnett,CA-2016-139269,"Fellowes Strictly Business Drawer File, Letter/Legal Size",1267.65
PF-19165,Philip Fox,CA-2016-162355,O'Sullivan 2-Door Barrister Bookcase in Odessa Pine,1266.86
JG-15160,James Galang,CA-2015-157084,Plantronics Savi W720 Multi-Device Wireless Headset System,1265.85
RF-19345,Randy Ferguson,CA-2016-163167,"24 Capacity Maxi Data Binder Racks, Pearl",1263.3
RS-19765,Roland Schwarz,CA-2014-106726,Standard Rollaway File with Lock,1261.33
CD-11920,Carlos Daly,CA-2017-111556,Samsung Galaxy Mega 6.3,1259.97
KH-16630,Ken Heidel,CA-2015-109575,Polycom VVX 310 VoIP phone,1259.93
SS-20410,Shahid Shariari,CA-2015-119879,"Bevis Oval Conference Table, Walnut",1252.704
VW-21775,Victoria Wilson,CA-2017-128265,Deluxe Rollaway Locking File with Drawer,1247.64
NH-18610,Nicole Hansen,CA-2017-122693,Kensington 7 Outlet MasterPiece Power Center,1245.86
HP-14815,Harold Pawlan,CA-2017-111689,SAFCO Arco Folding Chair,1242.9
CA-12775,Cynthia Arntzen,CA-2014-140858,Global Leather Executive Chair,1228.465
CM-12715,Craig Molinari,CA-2015-133585,"Atlantic Metals Mobile 5-Shelf Bookcases, Custom Colors",1227.9984
MC-17590,Matt Collister,CA-2014-127446,Bretford CR4500 Series Slim Rectangular Table,1218.735
NP-18325,Naresj Patel,CA-2015-131338,GBC Ibimaster 500 Manual ProClick Binding System,1217.568
SW-20455,Shaun Weien,CA-2015-153423,GBC Ibimaster 500 Manual ProClick Binding System,1217.568
RA-19885,Ruben Ausman,US-2014-118997,"SAFCO PlanMaster Boards, 60w x 37-1/2d, White Melamine",1215.92
TS-21610,Troy Staebel,CA-2017-105214,Hon Multipurpose Stacking Arm Chairs,1212.96
KH-16360,Katherine Hughes,US-2017-158526,DMI Arturo Collection Mission-style Design Wood Chair,1207.84
CC-12610,Corey Catlett,CA-2014-124688,Bretford CR8500 Series Meeting Room Furniture,1202.94
LR-16915,Lena Radford,CA-2014-131450,Sharp AL-1530CS Digital Copier,1199.976
EB-14110,Eugene Barchas,CA-2016-121370,Sharp AL-1530CS Digital Copier,1199.976
RA-19285,Ralph Arnett,CA-2015-111780,Brother DCP1000 Digital 3 in 1 Multifunction Machine,1199.96
EK-13795,Eileen Kiefer,CA-2014-111871,"Bush Heritage Pine Collection 5-Shelf Bookcase, Albany Pine Finish, *Special Order",1198.33
LL-16840,Lauren Leatherbury,CA-2015-137974,Tenex Antistatic Computer Chair Mats,1196.86
AJ-10795,Anthony Johnson,CA-2017-142342,"Atlantic Metals Mobile 4-Shelf Bookcases, Custom Colors",1194.165
CV-12295,Christina VanderZanden,US-2014-137869,Hon 94000 Series Round Tables,1184.72
MH-18115,Mick Hernandez,CA-2017-121839,Apple iPhone 5,1169.694
SC-20440,Shaun Chance,CA-2015-103835,Hoover Upright Vacuum With Dirt Cup,1158.12
MH-17620,Matt Hagelstein,CA-2017-130841,Wilson Electronics DB Pro Signal Booster,1145.6
PK-18910,Paul Knutson,CA-2016-158099,GBC Ibimaster 500 Manual ProClick Binding System,1141.47
CK-12325,Christine Kargatis,US-2014-125521,Global Commerce Series High-Back Swivel/Tilt Chairs,1139.92
KN-16705,Kristina Nunn,CA-2017-126067,"Hon Practical Foundations 30 x 60 Training Table, Light Gray/Charcoal",1137.75
RS-19420,Ricardo Sperren,US-2014-117968,Hon GuestStacker Chair,1133.35
CH-12070,Cathy Hwang,CA-2016-109344,Samsung Galaxy S4 Mini,1127.976
TG-21640,Trudy Glocke,CA-2014-130428,"Global Leather Highback Executive Chair with Pneumatic Height Adjustment, Black",1125.488
JL-15850,John Lucas,CA-2015-142944,Canon PC1060 Personal Laser Copier,1119.984
BP-11185,Ben Peterman,CA-2017-130036,Logitech Wireless Headset h800,1119.888
AW-10930,Arthur Wiediger,CA-2016-136812,"Tennsco Snap-Together Open Shelving Units, Starter Sets and Add-On Units",1117.92
MP-18175,Mike Pelletier,CA-2014-119151,"Tennsco Snap-Together Open Shelving Units, Starter Sets and Add-On Units",1117.92
MG-18145,Mike Gockenbach,CA-2017-108574,Logitech G19 Programmable Gaming Keyboard,1115.91
SC-20725,Steven Cartwright,US-2015-161991,Bose SoundLink Bluetooth Speaker,1114.4
RW-19630,Rob Williams,CA-2016-142958,Bretford CR4500 Series Slim Rectangular Table,1114.272
BS-11590,Brendan Sweed,CA-2014-106376,"Hunt BOSTON Model 1606 High-Volume Electric Pencil Sharpener, Beige",1113.024
LB-16795,Laurel Beltran,US-2016-155768,"Sauder Facets Collection Locker/File Cabinet, Sky Alder Finish",1112.94
BT-11395,Bill Tyler,CA-2015-110016,"Global High-Back Leather Tilter, Burgundy",1106.91
PF-19225,Phillip Flathmann,CA-2016-114972,Honeywell Enviracaire Portable HEPA Air Cleaner for 16' x 20' Room,1101.48
GD-14590,Giulietta Dortch,CA-2017-150420,Plantronics Audio 995 Wireless Stereo Headset,1099.5
GH-14485,Gene Hale,CA-2016-117590,GE 30524EE4,1097.544
MG-17650,Matthew Grinstein,CA-2014-166471,Cisco Unified IP Phone 7945G VoIP phone,1091.168
JP-15520,Jeremy Pistek,CA-2017-117324,Hoover WindTunnel Plus Canister Vacuum,1089.75
DH-13075,Dave Hallsten,CA-2015-159534,Fellowes PB200 Plastic Comb Binding Machine,1087.936
MD-17350,Maribeth Dona,CA-2014-114251,Tennsco Double-Tier Lockers,1080.096
RB-19705,Roger Barcio,CA-2017-152975,Wilson SignalBoost 841262 DB PRO Amplifier Kit,1079.85
TB-21625,Trudy Brown,US-2017-165456,Global Commerce Series Low-Back Swivel/Tilt Chairs,1079.316
KN-16450,Kean Nguyen,CA-2014-154599,Pyle PMP37LED,1075.088
LC-17140,Logan Currie,CA-2017-162789,WD My Passport Ultra 2TB Portable External Hard Drive,1071.0
PM-18940,Paul MacIntyre,CA-2016-102092,"Iceberg OfficeWorks 42"" Round Tables",1056.86
MY-18295,Muhammed Yedwab,CA-2014-105984,Samsung Galaxy S III - 16GB - pebble blue (T-Mobile),1049.97
RD-19585,Rob Dowd,CA-2014-164315,Motorola Droid Maxx,1049.93
EJ-13720,Ed Jacobs,CA-2017-123085,Imation Bio 2GB USB Flash Drive Imation Corp,1049.44
RB-19465,Rick Bensley,CA-2016-115917,Luxo Professional Fluorescent Magnifier Lamp with Clamp-Mount Base,1049.2
LS-16975,Lindsay Shagiari,CA-2017-117702,Luxo Professional Fluorescent Magnifier Lamp with Clamp-Mount Base,1049.2
FM-14215,Filia McAdams,US-2017-164056,"SAFCO PlanMaster Heigh-Adjustable Drafting Table Base, 43w x 30d x 30-37h, Black",1048.35
EB-13870,Emily Burns,CA-2015-106320,Bretford CR4500 Series Slim Rectangular Table,1044.63
SG-20470,Sheri Gordon,US-2017-102890,Bretford CR4500 Series Slim Rectangular Table,1044.63
MK-17905,Michael Kennedy,CA-2016-155516,"Atlantic Metals Mobile 3-Shelf Bookcases, Custom Colors",1043.92
JP-15460,Jennifer Patt,CA-2016-158001,"1.7 Cubic Foot Compact ""Cube"" Office Refrigerators",1040.8
CK-12205,Chloris Kastensmidt,CA-2017-110443,"3D Systems Cube Printer, 2nd Generation, White",1039.992
JO-15280,Jas O'Carroll,CA-2015-130890,"Bevis Round Bullnose 29"" High Table Top",1038.84
BF-11020,Barry Französisch,CA-2015-145758,Star Micronics TSP100 TSP143LAN Receipt Printer,1035.8
JM-15265,Janet Molinari,CA-2016-105816,AT&T CL83451 4-Handset Telephone,1029.95
GR-14560,Georgia Rosenberg,US-2014-123183,Sauder Inglewood Library Bookcases,1025.88
AS-10090,Adam Shillingsburg,CA-2015-127509,Bevis Round Conference Table Top & Single Column Base,1024.38
AG-10900,Arthur Gainer,US-2014-119137,NETGEAR AC1750 Dual Band Gigabit Smart WiFi Router,1023.936
BP-11230,Benjamin Patterson,CA-2015-135174,Cisco Unified IP Phone 7945G VoIP phone,1022.97
TG-21310,Toby Gnade,CA-2016-146633,Fellowes PB500 Electric Punch Plastic Comb Binding Machine with Manual Bind,1016.792
KB-16585,Ken Black,CA-2014-153913,Hon Olson Stacker Stools,1013.832
TD-20995,Tamara Dahlen,US-2016-167339,Global Ergonomic Managers Chair,1013.488
PO-19180,Philisse Overcash,CA-2016-147375,"Canon Color ImageCLASS MF8580Cdw Wireless Laser All-In-One Printer, Copier, Scanner",1007.979
PC-19000,Pauline Chand,CA-2015-153388,Hon 2111 Invitation Series Corner Table,1004.976
GH-14410,Gary Hansen,CA-2017-163006,Samsung Galaxy S4,1001.584
NP-18685,Nora Pelletier,CA-2015-156104,Hewlett Packard 610 Color Digital Copier / Printer,999.98
CB-12025,Cassandra Brandow,CA-2015-146563,"Hot File 7-Pocket, Floor Stand",999.432
BT-11680,Brian Thompson,CA-2014-121629,StarTech.com 10/100 VDSL2 Ethernet Extender Kit,998.85
CC-12685,Craig Carroll,CA-2015-140984,Economy Rollaway Files,991.2
BP-11155,Becky Pak,CA-2015-158491,Logitech Z-906 Speaker sys - home theater - 5.1-CH,989.97
MN-17935,Michael Nguyen,CA-2017-100097,Plantronics Calisto P620-M USB Wireless Speakerphone System,979.95
KM-16720,Kunst Miller,CA-2017-167395,GE 30524EE4,979.95
MC-17275,Marc Crier,CA-2014-107818,"Hon Deluxe Fabric Upholstered Stacking Chairs, Rounded Back",975.92
GZ-14470,Gary Zandusky,CA-2016-131737,Electrix Halogen Magnifier Lamp,971.5
DP-13105,Dave Poirier,CA-2016-162390,Ibico EB-19 Dual Function Manual Binding System,968.744
KT-16465,Kean Takahito,CA-2014-146283,SAFCO Arco Folding Chair,966.7
DK-13375,Dennis Kane,US-2016-111290,Fellowes Staxonsteel Drawer Files,965.85
CS-11845,Cari Sayre,CA-2017-131828,"Global Leather and Oak Executive Chair, Black",963.136
JW-16075,Julia West,CA-2015-120621,Honeywell Enviracaire Portable HEPA Air Cleaner for 17' x 22' Room,962.08
AH-10195,Alan Haines,CA-2016-112697,Premier Automatic Letter Opener,961.48
DB-13615,Doug Bickford,CA-2015-137946,Hewlett Packard LaserJet 3310 Copier,959.984
SU-20665,Stephanie Ulpright,CA-2017-157966,Hewlett Packard LaserJet 3310 Copier,959.984
DK-13090,Dave Kipp,CA-2017-100622,Canon Image Class D660 Copier,959.984
EB-13975,Erica Bern,US-2016-164630,Hewlett Packard 310 Color Digital Copier,959.968
SO-20335,Sean O'Donnell,US-2015-108966,Bretford CR4500 Series Slim Rectangular Table,957.5775
EP-13915,Emily Phan,US-2016-131611,O'Sullivan Plantations 2-Door Library in Landvery Oak,956.6648
SV-20815,Stuart Van,CA-2015-126697,ShoreTel ShorePhone IP 230 VoIP phone,946.344
SH-20395,Shahid Hopkins,CA-2014-165764,Hon Racetrack Conference Tables,945.036
DB-13555,Dorothy Badders,CA-2017-115882,3.6 Cubic Foot Counter Height Office Refrigerator,942.784
JL-15130,Jack Lebron,CA-2017-150910,"Bevis Round Bullnose 29"" High Table Top",934.956
FH-14275,Frank Hawley,CA-2017-104640,Fellowes PB300 Plastic Comb Binding Machine,931.176
CC-12670,Craig Carreira,CA-2017-112753,"Bush Andora Bookcase, Maple/Graphite Gray Finish",917.9235
NF-18595,Nicole Fjeld,US-2015-139675,Global Deluxe High-Back Manager's Chair,915.136
DB-12910,Daniel Byrd,CA-2016-101672,Global Deluxe High-Back Manager's Chair,915.136
TS-21655,Trudy Schmidt,CA-2017-147207,"Bevis Oval Conference Table, Walnut",913.43
CA-12265,Christina Anderson,CA-2015-120362,"Lesro Round Back Collection Coffee Table, End Table",912.75
MD-17860,Michael Dominguez,CA-2017-154410,SAFCO Boltless Steel Shelving,909.12
JM-15250,Janet Martin,CA-2017-128853,"Global Fabric Manager's Chair, Dark Gray",908.82
BS-11380,Bill Stewart,US-2017-112347,Hon GuestStacker Chair,906.68
CR-12730,Craig Reiter,CA-2017-116519,Avanti 4.4 Cu. Ft. Refrigerator,904.9
MC-18130,Mike Caudle,CA-2016-129868,Bretford Rectangular Conference Table Tops,902.712
EJ-14155,Eva Jacobs,CA-2016-142594,Honeywell Enviracaire Portable HEPA Air Cleaner for 17' x 22' Room,901.95
JK-16120,Julie Kriz,CA-2016-150945,Tennsco Double-Tier Lockers,900.08
DV-13465,Dianna Vittorini,CA-2015-146486,Logitech VX Revolution Cordless Laser Mouse for Notebooks (Black),899.95
DR-12880,Dan Reichenbach,CA-2015-103933,Razer Kraken 7.1 Surround Sound Over Ear USB Gaming Headset,899.91
MP-17470,Mark Packer,CA-2015-102281,"Atlantic Metals Mobile 4-Shelf Bookcases, Custom Colors",899.136
AB-10600,Ann Blume,US-2017-155425,Hon 2090 Pillow Soft Series Mid Back Swivel/Tilt Chairs,899.136
AT-10435,Alyssa Tate,CA-2017-102407,Bevis 36 x 72 Conference Tables,896.328
CY-12745,Craig Yedwab,CA-2017-130302,Logitech Wireless Gaming Headset G930,895.944
WB-21850,William Brown,CA-2017-138149,GBC DocuBind TL200 Manual Binding Machine,895.92
BT-11530,Bradley Talbott,CA-2017-117212,GuestStacker Chair with Chrome Finish Legs,892.224
DB-13210,Dean Braden,CA-2016-158778,Global Comet Stacking Arm Chair,887.271
NS-18505,Neola Schneider,CA-2017-153045,Global Comet Stacking Arm Chair,887.271
DP-13165,David Philippe,CA-2014-112158,O'Sullivan Living Dimensions 5-Shelf Bookcases,883.92
LT-17110,Liz Thompson,US-2014-165659,Adtran 1202752G1,881.93
SW-20275,Scott Williamson,CA-2016-127761,BlackBerry Q10,881.93
ER-13855,Elpida Rittenbach,CA-2016-162236,BPI Conference Tables,876.3
DK-12835,Damala Kotsonis,CA-2017-139199,Global Executive Mid-Back Manager's Chair,872.94
CT-11995,Carol Triggs,CA-2014-166086,"Lifetime Advantage Folding Chairs, 4/Carton",872.32
CD-12790,Cynthia Delaney,CA-2016-124352,Hoover Upright Vacuum With Dirt Cup,868.59
DB-12970,Darren Budd,CA-2016-110975,Hon 4070 Series Pagoda Round Back Stacking Chairs,866.646
LC-17050,Liz Carlisle,CA-2016-118514,Hon Multipurpose Stacking Arm Chairs,866.4
MV-18190,Mike Vittorini,CA-2016-127698,Jabra Supreme Plus Driver Edition Headset,863.928
JR-15700,Jocasta Rupert,CA-2017-117079,Wilson SignalBoost 841262 DB PRO Amplifier Kit,863.88
RD-19900,Ruben Dartt,CA-2016-140382,Nortel Meridian M3904 Professional Digital phone,862.344
KD-16345,Katherine Ducich,CA-2015-145814,Aastra 6757i CT Wireless VoIP phone,861.76
DK-12895,Dana Kaydos,CA-2015-105627,Hon Mobius Operator's Chair,860.93
FA-14230,Frank Atkinson,CA-2017-122364,Wilson Electronics DB Pro Signal Booster,859.2
SB-20170,Sarah Bern,CA-2017-108441,Safco Contoured Stacking Chairs,858.24
CV-12805,Cynthia Voltz,US-2016-144057,"Hot File 7-Pocket, Floor Stand",856.656
LS-16945,Linda Southworth,CA-2016-114727,Hon 4700 Series Mobuis Mid-Back Task Chairs with Adjustable Arms,854.352
BE-11455,Brad Eason,US-2017-166324,Tennsco 6- and 18-Compartment Lockers,848.544
JH-16180,Justin Hirsh,CA-2015-138898,Kensington 4 Outlet MasterPiece Compact Power Control Center,845.728
BG-11695,Brooke Gillingham,US-2016-162852,"Global Manager's Adjustable Task Chair, Storm",845.488
SV-20785,Stewart Visinsky,CA-2015-112130,"Global Leather Highback Executive Chair with Pneumatic Height Adjustment, Black",844.116
JK-15625,Jim Karlsson,CA-2015-113152,Plantronics Savi W720 Multi-Device Wireless Headset System,843.9
AP-10915,Arthur Prichep,CA-2016-168893,Global Adaptabilities Conference Tables,842.94
DN-13690,Duane Noonan,CA-2016-114860,Deflect-o DuraMat Antistatic Studded Beveled Mat for Medium Pile Carpeting,842.72
JL-15175,James Lanier,CA-2017-128734,Global Leather Executive Chair,842.376
JF-15355,Jay Fein,CA-2015-132486,Office Star - Professional Matrix Back Chair with 2-to-1 Synchro Tilt and Mesh Fabric Seat,842.352
AH-10075,Adam Hart,CA-2016-149797,GBC DocuBind 300 Electric Binding Machine,841.568
NZ-18565,Nick Zandusky,US-2014-106299,Smead Adjustable Mobile File Trolley with Lockable Top,838.38
MS-17770,Maxwell Schwartz,CA-2016-150350,Okidata C331dn Printer,837.6
MG-17695,Maureen Gnade,US-2016-142685,Compact Automatic Electric Letter Opener,835.17
KH-16330,Katharine Harms,CA-2014-140396,Toshiba IPT2010-SD IP Telephone,833.94
ML-17410,Maris LaWare,CA-2014-125556,Polycom SoundPoint Pro SE-225 Corded phone,832.93
RK-19300,Ralph Kennedy,CA-2015-160472,Imation Bio 8GB USB Flash Drive Imation Corp,831.2
PJ-18835,Patrick Jones,CA-2015-154746,Honeywell Enviracaire Portable HEPA Air Cleaner for 16' x 20' Room,826.11
JM-16195,Justin MacKendrick,CA-2014-160094,Economy Rollaway Files,826.0
GM-14455,Gary Mitchum,CA-2017-151981,"Ativa D5772 2-Line 5.8GHz Digital Expandable Corded/Cordless Phone System with Answering & Caller ID/Call Waiting, Black/Silver",824.95
ZD-21925,Zuschuss Donatelli,CA-2016-152471,Jabra SPEAK 410 Multidevice Speakerphone,823.96
SC-20680,Steve Carroll,US-2015-164308,AT&T 1080 Phone,821.94
EB-14170,Evan Bailliet,CA-2014-111962,Fellowes Super Stor/Drawer Files,807.75
BW-11200,Ben Wallace,CA-2014-109897,BlackBerry Q10,806.336
MY-17380,Maribeth Yedwab,US-2016-105578,Global Troy Executive Leather Low-Back Tilter,801.568
ME-18010,Michelle Ellison,CA-2014-116932,Global Troy Executive Leather Low-Back Tilter,801.568
MA-17560,Matt Abelman,CA-2015-143105,Hewlett Packard 610 Color Digital Copier / Printer,799.984
FH-14350,Fred Harton,CA-2017-104801,Razer Tiamat Over Ear 7.1 Surround Sound PC Gaming Headset,799.96
JM-15535,Jessica Myrick,CA-2016-157259,Luxo Adjustable Task Clamp Lamp,799.56
MG-17875,Michael Grace,CA-2015-124975,Hon Rectangular Conference Tables,796.425
DM-12955,Dario Medina,CA-2014-141649,Eureka Sanitaire  Commercial Upright,795.408
LR-17035,Lisa Ryan,CA-2015-102876,Samsung Galaxy Note 3,791.964
JC-15385,Jenna Caffey,CA-2017-108560,"Dot Matrix Printer Tape Reel Labels, White, 5000/Box",786.48
JS-15595,Jill Stevenson,CA-2016-153318,Panasonic KX-TG9471B,783.96
CL-11890,Carl Ludwig,CA-2017-121888,"Atlantic Metals Mobile 3-Shelf Bookcases, Custom Colors",782.94
BS-11755,Bruce Stewart,CA-2014-103373,Apple iPhone 5,779.796
MH-17290,Marc Harrigan,US-2017-141558,Nortel Meridian M5316 Digital phone,776.85
DM-13525,Don Miller,CA-2015-132465,Fellowes Staxonsteel Drawer Files,772.68
JE-15475,Jeremy Ellison,CA-2016-133795,Logitech P710e Mobile Speakerphone,772.47
TB-21190,Thomas Brumley,CA-2014-163447,"Global Push Button Manager's Chair, Indigo",767.214
MM-18055,Michelle Moray,US-2017-124968,BoxOffice By Design Rectangular and Half-Moon Meeting Room Tables,765.625
MC-18100,Mick Crebagga,CA-2014-101602,"Lifetime Advantage Folding Chairs, 4/Carton",763.28
SN-20560,Skye Norling,CA-2017-152093,Fellowes PB500 Electric Punch Plastic Comb Binding Machine with Manual Bind,762.594
VB-21745,Victoria Brennan,CA-2016-120369,"Tenex Chairmat w/ Average Lip, 45"" x 53""",756.8
LW-17125,Liz Willingham,CA-2016-157280,"Tenex Chairmat w/ Average Lip, 45"" x 53""",756.8
TB-21595,Troy Blackwell,CA-2016-156300,"Global Leather & Oak Executive Chair, Burgundy",754.45
JL-15235,Janet Lee,CA-2017-137631,Samsung Galaxy S4 Mini,751.984
SJ-20500,Shirley Jackson,CA-2016-157336,Hon Every-Day Series Multi-Task Chairs,751.92
EH-14125,Eugene Hildebrand,US-2015-154389,LG Exalt,748.752
CS-12400,Christopher Schild,CA-2016-133816,ClearOne CHATAttach 160 - speaker phone,743.988
RB-19435,Richard Bierner,CA-2017-153871,Ibico Ibimaster 300 Manual Binding System,735.98
CG-12520,Claire Gute,CA-2016-152156,"Hon Deluxe Fabric Upholstered Stacking Chairs, Rounded Back",731.94
MH-17785,Maya Herman,CA-2014-124702,"Lesro Round Back Collection Coffee Table, End Table",730.2
NC-18625,Noah Childs,US-2016-100839,Hon 5100 Series Wood Tables,727.45
MO-17800,Meg O'Connel,CA-2017-157931,Global Ergonomic Managers Chair,723.92
HZ-14950,Henia Zydlo,CA-2017-124765,O'Sullivan Manor Hill 2-Door Library in Brianna Oak,723.92
MO-17500,Mary O'Rourke,CA-2016-102981,"Atlantic Metals Mobile 5-Shelf Bookcases, Custom Colors",722.352
DV-13045,Darrin Van Huff,CA-2017-168389,BoxOffice By Design Rectangular and Half-Moon Meeting Room Tables,721.875
SC-20770,Stewart Carmichael,CA-2017-112529,"Bush Andora Conference Table, Maple/Graphite Gray Finish",718.116
KD-16615,Ken Dana,US-2015-129007,Global Comet Stacking Armless Chair,717.72
JR-16210,Justin Ritter,CA-2015-142202,Enermax Acrylux Wireless Keyboard,717.12
SC-20695,Steve Chapman,CA-2015-158659,Letter Size Cart,714.3
JC-15775,John Castell,CA-2016-118626,HTC One Mini,705.544
NC-18340,Nat Carroll,CA-2017-111332,Fellowes High-Stak Drawer Files,704.76
RH-19555,Ritsa Hightower,CA-2016-164574,Fellowes High-Stak Drawer Files,704.76
JG-15805,John Grady,CA-2016-100790,"Fellowes Strictly Business Drawer File, Letter/Legal Size",704.25
ME-17725,Max Engle,CA-2017-143756,Office Star - Professional Matrix Back Chair with 2-to-1 Synchro Tilt and Mesh Fabric Seat,701.96
RP-19855,Roy Phan,CA-2015-154326,Samsung Galaxy S III - 16GB - pebble blue (T-Mobile),699.98
AC-10420,Alyssa Crouse,CA-2014-129924,Hon 5100 Series Wood Tables,698.352
JG-15310,Jason Gross,CA-2017-119578,Premier Electric Letter Opener,695.16
BF-11215,Benjamin Farhat,CA-2016-154662,"Bush Cubix Conference Tables, Fully Assembled",692.94
HR-14770,Hallie Redmond,CA-2015-103954,O'Sullivan Cherrywood Estates Traditional Barrister Bookcase,687.4
CC-12475,Cindy Chapman,CA-2016-158260,Okidata B400 Printer,686.4
PH-18790,Patricia Hirasaki,CA-2017-113558,Global Commerce Series High-Back Swivel/Tilt Chairs,683.952
BC-11125,Becky Castell,CA-2017-113530,"Situations Contoured Folding Chairs, 4/Set",681.408
CM-12115,Chad McGuire,CA-2017-100524,Polycom SoundPoint IP 450 VoIP phone,677.58
BD-11725,Bruce Degenhardt,CA-2017-146192,Tennsco Double-Tier Lockers,675.06
MC-17605,Matt Connell,US-2014-161613,Hon 4070 Series Pagoda Round Back Stacking Chairs,674.058
HA-14920,Helen Andreada,CA-2015-110744,Safco Industrial Wire Shelving,671.93
AH-10030,Aaron Hawkins,CA-2015-130113,Geemarc AmpliPOWER60,668.16
ML-17755,Max Ludwig,US-2017-120089,Kensington 7 Outlet MasterPiece Power Center with Fax/Phone Line Protection,663.936
TS-21505,Tony Sayre,CA-2014-134551,SAFCO Arco Folding Chair,662.88
AF-10870,Art Ferguson,CA-2016-146934,Eureka Sanitaire  Commercial Upright,662.84
BF-11005,Barry Franz,CA-2017-103380,Mitel MiVoice 5330e IP Phone,659.976
Dl-13600,Dorris liebe,CA-2016-120530,"Hon Deluxe Fabric Upholstered Stacking Chairs, Rounded Back",658.746
RB-19330,Randy Bradley,CA-2014-159835,Hon Every-Day Series Multi-Task Chairs,657.93
CK-12760,Cyma Kinney,US-2017-117247,"Bevis Oval Conference Table, Walnut",652.45
TP-21565,Tracy Poddar,CA-2016-163328,Global Enterprise Series Seating High-Back Swivel/Tilt Chairs,650.352
SC-20575,Sonia Cooley,CA-2014-136644,"Global Geo Office Task Chair, Gray",647.84
LM-17065,Liz MacKendrick,US-2015-120161,Fellowes Officeware Wire Shelving,646.776
CS-12250,Chris Selesnick,CA-2014-162775,Plantronics S12 Corded Telephone Headset System,646.74
DK-12985,Darren Koutras,CA-2014-163034,Fellowes Super Stor/Drawer Files,646.2
BV-11245,Benjamin Venier,CA-2015-156734,"Global Leather Highback Executive Chair with Pneumatic Height Adjustment, Black",643.136
LE-16810,Laurel Elliston,CA-2016-157245,Hon 4070 Series Pagoda Round Back Stacking Chairs,641.96
LH-16900,Lena Hernandez,US-2014-156559,"Hon Metal Bookcases, Gray",638.82
AJ-10945,Ashley Jarboe,CA-2017-133004,Tripp Lite Isotel 8 Ultra 8 Outlet Metal Surge,638.73
BP-11290,Beth Paige,CA-2016-142398,Hon Comfortask Task/Swivel Chairs,638.288
CC-12220,Chris Cortes,CA-2016-145730,"Office Impressions End Table, 20-1/2""H x 24""W x 20""D",637.896
SZ-20035,Sam Zeldin,CA-2015-154284,Enermax Acrylux Wireless Keyboard,637.44
VF-21715,Vicky Freymann,CA-2014-113880,Novimex Swivel Fabric Task Chair,634.116
TB-21250,Tim Brockman,CA-2015-141040,Jawbone JAMBOX Wireless Bluetooth Speaker,631.96
MM-17260,Magdelene Morse,CA-2016-120355,Global Leather Executive Chair,631.782
GW-14605,Giulietta Weimer,CA-2017-155075,GBC DocuBind 300 Electric Binding Machine,631.176
ON-18715,Odella Nelson,CA-2016-130820,Hon Racetrack Conference Tables,630.024
SK-19990,Sally Knutson,CA-2017-119193,Panasonic KX-TG9541B DECT 6.0 Digital 2-Line Expandable Cordless Phone With Digital Answering System,629.958
KB-16600,Ken Brennan,CA-2017-159156,Nokia Lumia 925,629.95
GM-14500,Gene McClure,CA-2015-127173,Ativa MDM8000 8-Sheet Micro-Cut Shredder,629.93
CC-12100,Chad Cunningham,CA-2014-136399,GE 30524EE4,627.168
MB-18085,Mick Brown,CA-2017-144498,GE 30524EE4,627.168
RD-19930,Russell D'Ascenzo,CA-2015-139248,Motorola L703CM,623.96
DS-13180,David Smith,CA-2015-163055,Bevis 36 x 72 Conference Tables,622.45
CS-12355,Christine Sundaresam,CA-2015-142755,Logitech G19 Programmable Gaming Keyboard,619.95
CM-12190,Charlotte Melton,CA-2017-146164,"Office Impressions End Table, 20-1/2""H x 24""W x 20""D",607.52
LS-17200,Luke Schmidt,CA-2014-115084,Office Star Flex Back Scooter Chair with Aluminum Finish Frame,605.34
PO-18865,Patrick O'Donnell,CA-2014-120838,Ooma Telo VoIP Home Phone System,604.752
PB-19105,Peter Bühler,CA-2014-128888,Ames Color-File Green Diamond Border X-ray Mailers,604.656
TZ-21580,Tracy Zic,CA-2014-163419,"Global Airflow Leather Mesh Back Chair, Black",603.92
VS-21820,Vivek Sundaresam,US-2015-165512,"Global High-Back Leather Tilter, Burgundy",602.651
KM-16225,Kalyca Meade,CA-2015-108665,Iceberg Mobile Mega Data/Printer Cart ,601.65
JS-16030,Joy Smith,CA-2017-163265,Global Deluxe High-Back Manager's Chair,600.558
EA-14035,Erin Ashbrook,CA-2015-158939,Canon PC1080F Personal Copier,599.99
KE-16420,Katrina Edelman,US-2015-166520,Kensington Orbit Wireless Mobile Trackball for PC and Mac,599.9
KN-16390,Katherine Nockton,CA-2015-154823,Global Commerce Series High-Back Swivel/Tilt Chairs,598.458
TS-21160,Theresa Swint,CA-2015-149342,"GE 48"" Fluorescent Tube, Cool White Energy Saver, 34 Watts, 30/Box",595.38
ML-18040,Michelle Lonsdale,CA-2017-168655,WD My Passport Ultra 2TB Portable External Hard Drive,595.0
PG-18820,Patrick Gardner,CA-2016-103464,WD My Passport Ultra 2TB Portable External Hard Drive,595.0
DB-13660,Duane Benoit,CA-2017-121853,GuestStacker Chair with Chrome Finish Legs,594.816
CW-11905,Carl Weiss,CA-2017-152436,"Recycled Data-Pak for Archival Bound Computer Printouts, 12-1/2 x 12-1/2 x 16",592.74
NL-18310,Nancy Lomonaco,US-2017-163790,GBC Therma-A-Bind 250T Electric Binding System,590.352
JR-15670,Jim Radford,US-2015-103471,"Atlantic Metals Mobile 4-Shelf Bookcases, Custom Colors",590.058
EH-14185,Evan Henry,CA-2016-167115,Ibico Ibimaster 300 Manual Binding System,588.784
CS-11950,Carlos Soltero,US-2014-141257,"Hon Deluxe Fabric Upholstered Stacking Chairs, Squared Back",585.552
BP-11095,Bart Pistole,CA-2014-162992,Wi-Ex zBoost YX540 Cellular Phone Signal Booster,583.8
NG-18355,Nat Gilpin,CA-2017-120019,Fellowes Staxonsteel Drawer Files,579.51
SW-20755,Steven Ward,CA-2016-137050,O'Sullivan 2-Door Barrister Bookcase in Odessa Pine,579.136
HA-14905,Helen Abelman,CA-2017-130141,Office Star - Ergonomic Mid Back Chair with 2-Way Adjustable Arms,579.136
SC-20020,Sam Craven,CA-2015-147690,Iceberg Mobile Mega Data/Printer Cart ,577.584
LW-16825,Laurel Workman,CA-2014-160773,Wilson SignalBoost 841262 DB PRO Amplifier Kit,575.92
JK-15370,Jay Kimmel,CA-2016-122581,"Leather Task Chair, Black",573.174
EM-13960,Eric Murdock,CA-2015-156566,Wilson Electronics DB Pro Signal Booster,572.8
CM-11815,Candace McMahon,CA-2017-121489,Fellowes Stor/Drawer Steel Plus Storage Drawers,572.58
MK-18160,Mike Kennedy,CA-2017-128755,Letter Size Cart,571.44
PR-18880,Patrick Ryan,US-2017-109253,Chromcraft Rectangular Conference Tables,568.728
PN-18775,Parhena Norris,CA-2016-138597,Hon Every-Day Series Multi-Task Chairs,563.94
VT-21700,Valerie Takahito,CA-2015-167010,Fellowes High-Stak Drawer Files,563.808
BP-11050,Barry Pond,CA-2016-160535,"Fellowes Strictly Business Drawer File, Letter/Legal Size",563.4
CS-12490,Cindy Schnelling,CA-2016-118073,BPI Conference Tables,562.2925
AG-10525,Andy Gerbode,CA-2014-158281,Epson TM-T88V Direct Thermal Printer - Monochrome - Desktop,559.71
Co-12640,Corey-Lock,CA-2015-147501,Okidata C331dn Printer,558.4
AZ-10750,Annie Zypern,CA-2016-100993,Chromcraft Round Conference Tables,557.728
HF-14995,Herbert Flentye,CA-2016-117681,Bush Somerset Collection Bookcase,556.665
SV-20935,Susan Vittorini,CA-2017-116953,AT&T 841000 Phone,552.0
MF-17665,Maureen Fritzler,US-2014-169789,Ibico Ibimaster 300 Manual Binding System,551.985
VP-21730,Victor Preis,CA-2017-105333,Panasonic Business Telephones KX-T7736,546.06
TM-21490,Tony Molinari,CA-2017-108791,Nortel Networks T7316 E Nt8 B27,543.92
RM-19375,Raymond Messe,US-2017-127292,Avanti 4.4 Cu. Ft. Refrigerator,542.94
EG-13900,Emily Grady,US-2016-150861,"Global Leather Highback Executive Chair with Pneumatic Height Adjustment, Black",542.646
SH-19975,Sally Hughsby,CA-2017-101805,"Tennsco Stur-D-Stor Boltless Shelving, 5 Shelves, 24"" Deep, Sand",541.24
NG-18430,Nathan Gelder,CA-2017-130386,Tennsco Double-Tier Lockers,540.048
TT-21220,Thomas Thornton,CA-2017-162075,Pyle PMP37LED,537.544
SN-20710,Steve Nguyen,CA-2015-117415,"Atlantic Metals Mobile 3-Shelf Bookcases, Custom Colors",532.3992
DB-13405,Denny Blanton,CA-2017-157091,Eldon Antistatic Chair Mats for Low to Medium Pile Carpets,526.45
EB-13930,Eric Barreto,US-2017-106551,Hon Every-Day Series Multi-Task Chairs,526.344
AR-10345,Alex Russell,US-2014-115189,Hon 5100 Series Wood Tables,523.764
RR-19315,Ralph Ritter,CA-2017-162565,GuestStacker Chair with Chrome Finish Legs,520.464
RF-19735,Roland Fjeld,CA-2015-111206,Logitech G35 7.1-Channel Surround Sound Headset,519.96
CC-12430,Chuck Clark,CA-2017-166695,"Global Geo Office Task Chair, Gray",518.272
SW-20350,Sean Wendt,CA-2016-128517,Nortel Meridian M5316 Digital phone,517.9
AG-10495,Andrew Gjertsen,CA-2015-162201,Fellowes Super Stor/Drawer Files,516.96
MT-18070,Michelle Tran,CA-2017-140963,O'Sullivan Living Dimensions 2-Shelf Bookcases,514.165
CA-12055,Cathy Armstrong,CA-2016-107328,"Chromcraft 48"" x 96"" Racetrack Double Pedestal Table",513.024
TC-21145,Theresa Coyne,CA-2017-124205,SAFCO Folding Chair Trolley,512.96
RA-19945,Ryan Akin,CA-2014-169775,GBC DocuBind 200 Manual Binding Machine,505.176
NR-18550,Nick Radford,CA-2017-140872,VTech DS6151,503.96
HM-14980,Henry MacAllister,CA-2015-129917,HTC One Mini,503.96
PG-18895,Paul Gonzalez,US-2017-135986,BlackBerry Q10,503.96
BS-11800,Bryan Spruell,CA-2017-135279,Office Impressions Heavy Duty Welded Shelving & Multimedia Storage Drawers,501.81
AA-10375,Allen Armold,CA-2016-131065,Logitech diNovo Edge Keyboard,499.98
MF-18250,Monica Federle,US-2017-162670,"Ativa D5772 2-Line 5.8GHz Digital Expandable Corded/Cordless Phone System with Answering & Caller ID/Call Waiting, Black/Silver",494.97
EM-14095,Eudokia Martin,CA-2015-163237,"Ativa D5772 2-Line 5.8GHz Digital Expandable Corded/Cordless Phone System with Answering & Caller ID/Call Waiting, Black/Silver",494.97
EM-13825,Elizabeth Moffitt,CA-2017-114258,Nortel Meridian M3904 Professional Digital phone,492.768
MS-17710,Maurice Satty,CA-2015-134257,"Dot Matrix Printer Tape Reel Labels, White, 5000/Box",491.55
BG-11740,Bruce Geld,CA-2017-135419,"SAFCO PlanMaster Boards, 60w x 37-1/2d, White Melamine",486.368
DL-12865,Dan Lawera,US-2016-125402,"Global Airflow Leather Mesh Back Chair, Black",483.136
DW-13585,Dorothy Wardle,CA-2015-162950,"Sauder Forest Hills Library with Doors, Woodland Oak Finish",482.94
JP-16135,Julie Prescott,CA-2016-146171,Iceberg Mobile Mega Data/Printer Cart ,481.32
CA-12310,Christine Abelman,CA-2017-120936,Iceberg Mobile Mega Data/Printer Cart ,481.32
JP-16135,Julie Prescott,US-2016-111528,Iceberg Mobile Mega Data/Printer Cart ,481.32
JB-15925,Joni Blumstein,CA-2015-169397,Swingline SM12-08 MicroCut Jam Free Shredder,479.988
AB-10255,Alejandro Ballentine,CA-2017-126662,Brother DCP1000 Digital 3 in 1 Multifunction Machine,479.984
CS-11860,Cari Schnelling,CA-2014-124618,Brother DCP1000 Digital 3 in 1 Multifunction Machine,479.984
KB-16315,Karl Braun,CA-2017-147354,Hewlett Packard 310 Color Digital Copier,479.984
AA-10480,Andrew Allen,CA-2016-114601,NETGEAR AC1750 Dual Band Gigabit Smart WiFi Router,479.97
AB-10150,Aimee Bixby,CA-2014-169061,Logitech Wireless Gaming Headset G930,479.97
ML-17395,Marina Lichtenstein,CA-2016-168830,NETGEAR AC1750 Dual Band Gigabit Smart WiFi Router,479.97
BM-11785,Bryan Mills,CA-2014-106971,Logitech Gaming G510s - Keyboard,475.944
PB-19150,Philip Brown,CA-2015-137526,"Deflect-o EconoMat Nonstudded, No Bevel Mat",464.85
SP-20545,Sibella Parks,CA-2016-123666,"Gould Plastics 18-Pocket Panel Bin, 34w x 5-1/4d x 20-1/2h",459.95
NS-18640,Noel Staavos,CA-2016-162187,"Office Star - Contemporary Task Swivel chair with Loop Arms, Charcoal",458.43
BN-11515,Bradley Nguyen,CA-2016-169943,Safco Industrial Wire Shelving System,454.9
TS-21340,Toby Swindell,CA-2015-153416,Fellowes Bankers Box Staxonsteel Drawer File/Stacking System,454.86
JO-15550,Jesus Ocampo,CA-2015-132101,Wireless Extenders zBoost YX545 SOHO Signal Booster,453.576
LP-17080,Liz Pelletier,CA-2016-116722,Hon Every-Day Series Multi-Task Chairs,451.152
CM-11935,Carlos Meador,US-2016-135923,"Sauder Forest Hills Library, Woodland Oak Finish",451.136
AJ-10960,Astrea Jones,CA-2014-113362,Fellowes Officeware Wire Shelving,449.15
MC-17635,Matthew Clasen,CA-2016-139010,Fellowes Officeware Wire Shelving,449.15
DC-13285,Debra Catini,CA-2015-117884,Logitech G602 Wireless Gaming Mouse,447.944
FG-14260,Frank Gastineau,CA-2014-152443,GBC ProClick Punch Binding System,447.86
CG-12040,Catherine Glotzbach,CA-2016-140081,Sanyo 2.5 Cubic Foot Mid-Size Office Refrigerators,447.696
CR-12820,Cyra Reiten,CA-2017-159149,Jawbone MINI JAMBOX Wireless Bluetooth Speaker,438.336
AP-10720,Anne Pryor,US-2016-103674,Ibico Recycled Linen-Style Covers,437.472
RH-19600,Rob Haberlin,CA-2015-157322,Adjustable Depth Letter/Legal Cart,435.504
GG-14650,Greg Guthrie,CA-2017-131807,Global Deluxe High-Back Office Chair in Storm,435.168
DB-13360,Dennis Bolton,CA-2016-139556,Office Star - Mid Back Dual function Ergonomic High Back Chair with 2-Way Adjustable Arms,434.646
SM-20905,Susan MacKendrick,CA-2016-129280,Logitech VX Revolution Cordless Laser Mouse for Notebooks (Black),431.976
CK-12595,Clytie Kelty,CA-2017-100902,Plantronics S12 Corded Telephone Headset System,431.16
KB-16405,Katrina Bavinger,CA-2017-161067,Xerox 189,419.4
RD-19810,Ross DeVincentis,CA-2017-127474,Xerox 189,419.4
MV-17485,Mark Van Huff,CA-2017-169894,Fellowes Bankers Box Staxonsteel Drawer File/Stacking System,415.872
JF-15190,Jamie Frazer,US-2016-155103,Ibico EB-19 Dual Function Manual Binding System,415.176
SS-20140,Saphhira Shifley,CA-2017-164756,AT&T CL83451 4-Handset Telephone,411.98
TC-21475,Tony Chapman,CA-2017-121419,Bevis 44 x 96 Conference Tables,411.8
DH-13675,Duane Huffman,CA-2014-105249,"Sauder Camden County Barrister Bookcase, Planked Cherry Finish",411.332
DK-13150,David Kendrick,CA-2014-166191,Imation Secure+ Hardware Encrypted USB 2.0 Flash Drive; 16GB,408.744
MB-17305,Maria Bertelson,CA-2016-118759,Hon GuestStacker Chair,408.006
PS-18760,Pamela Stobb,CA-2015-143147,StarTech.com 10/100 VDSL2 Ethernet Extender Kit,399.54
EH-14005,Erica Hernandez,CA-2014-140165,GBC DocuBind P100 Manual Binding Machine,398.352
DL-13330,Denise Leinenbach,CA-2015-109337,Imation Bio 2GB USB Flash Drive Imation Corp,393.54
KC-16675,Kimberly Carter,CA-2016-138695,Novimex Fabric Task Chair,390.272
TC-21535,Tracy Collins,CA-2016-157217,Logitech G35 7.1-Channel Surround Sound Headset,389.97
FM-14380,Fred McMath,CA-2015-124499,High-Back Leather Manager's Chair,389.97
JS-15685,Jim Sink,CA-2017-104864,"Acco 7-Outlet Masterpiece Power Center, Wihtout Fax/Phone Line Protection",389.056
JB-15400,Jennifer Braxton,CA-2017-132339,Fellowes PB300 Plastic Comb Binding Machine,387.99
AH-10585,Angele Hood,CA-2014-162278,Vtech CS6719,383.96
JM-15655,Jim Mitchum,US-2016-108777,Logitech G602 Wireless Gaming Mouse,383.952
RF-19840,Roy Französisch,CA-2016-136686,"Howard Miller 14-1/2"" Diameter Chrome Round Wall Clock",383.64
NB-18655,Nona Balk,CA-2016-140928,Chromcraft Round Conference Tables,383.438
TH-21235,Tiffany House,CA-2017-132682,ClearOne Communications CHAT 70 OC Speaker Phone,381.576
AH-10120,Adrian Hane,CA-2016-145261,"Iceberg OfficeWorks 42"" Round Tables",377.45
DO-13435,Denny Ordway,US-2015-168935,"Hon Practical Foundations 30 x 60 Training Table, Light Gray/Charcoal",375.4575
MZ-17335,Maria Zettner,CA-2015-117611,Logitech G19 Programmable Gaming Keyboard,371.97
IG-15085,Ivan Gibson,CA-2015-101000,Honeywell Enviracaire Portable HEPA Air Cleaner for up to 10 x 16 Room,370.14
RP-19270,Rachel Payne,CA-2015-135251,O'Sullivan Manor Hill 2-Door Library in Brianna Oak,369.1992
DP-13000,Darren Powers,CA-2015-105347,Xerox 1919,368.91
DL-13315,Delfina Latchford,CA-2016-146941,Tyvek Side-Opening Peel & Seel Expanding Envelopes,361.92
BF-11275,Beth Fritzler,CA-2017-161130,Polycom SoundPoint IP 450 VoIP phone,361.376
PS-18970,Paul Stevenson,CA-2017-111591,Fellowes Officeware Wire Shelving,359.32
BT-11485,Brad Thomas,CA-2015-165085,Kensington 7 Outlet MasterPiece Power Center,355.96
MC-17575,Matt Collins,CA-2015-117772,"Belkin 19"" Center-Weighted Shelf, Gray",353.88
BT-11440,Bobby Trafton,CA-2014-151946,O'Sullivan Living Dimensions 5-Shelf Bookcases,353.568
AF-10885,Art Foster,CA-2014-114181,Bestar Classic Bookcase,349.965
MR-17545,Mathew Reese,US-2017-139465,GE 30522EE2,347.97
BB-10990,Barry Blumstein,CA-2015-141810,Aastra 6757i CT Wireless VoIP phone,344.704
PO-19195,Phillina Ober,CA-2015-110891,"Global High-Back Leather Tilter, Burgundy",344.372
AB-10015,Aaron Bergman,CA-2016-140935,"Sauder Facets Collection Library, Sky Alder Finish",341.96
CS-12130,Chad Sievert,CA-2014-118962,"Global Value Steno Chair, Gray",340.144
PA-19060,Pete Armstrong,CA-2015-129476,Logitech Gaming G510s - Keyboard,339.96
LC-16870,Lena Cacioppo,CA-2015-150770,Logitech Gaming G510s - Keyboard,339.96
LH-17155,Logan Haushalter,US-2016-131149,"Fellowes Strictly Business Drawer File, Letter/Legal Size",338.04
XP-21865,Xylona Preis,CA-2014-114335,Deflect-o DuraMat Antistatic Studded Beveled Mat for Medium Pile Carpeting,337.088
AS-10630,Ann Steele,CA-2017-100314,Wasp CCD Handheld Bar Code Reader,336.51
BD-11620,Brian DeCherney,CA-2017-130211,Fellowes Recycled Storage Drawers,333.09
GA-14725,Guy Armstrong,CA-2014-168368,"Rubbermaid ClusterMat Chairmats, Mat Size- 66"" x 60"", Lip 20"" x 11"" -90 Degree Angle",332.94
VG-21805,Vivek Grady,CA-2014-103191,"SAFCO Commercial Wire Shelving, Black",331.536
RC-19825,Roy Collins,CA-2016-125318,Cisco Small Business SPA 502G VoIP phone,328.224
EH-13990,Erica Hackney,CA-2016-124100,"Global Value Steno Chair, Gray",327.996
JB-16000,Joy Bell-,CA-2017-124674,"Atlantic Metals Mobile 2-Shelf Bookcases, Custom Colors",327.7328
BW-11065,Barry Weirich,CA-2017-157413,"Tennsco Stur-D-Stor Boltless Shelving, 5 Shelves, 24"" Deep, Sand",324.744
TT-21265,Tim Taslimi,CA-2015-162369,Fellowes Super Stor/Drawer Files,323.1
KA-16525,Kelly Andreada,CA-2017-168641,O'Sullivan Plantations 2-Door Library in Landvery Oak,321.568
TB-21055,Ted Butterfield,CA-2016-111682,Novimex Turbo Task Chair,319.41
CD-11980,Carol Darley,CA-2017-144596,Xerox 1906,318.96
DW-13195,David Wiener,US-2016-127971,"Global Wood Trimmed Manager's Task Chair, Khaki",318.43
SJ-20215,Sarah Jordon,CA-2017-113355,DMI Arturo Collection Mission-style Design Wood Chair,317.058
SJ-20215,Sarah Jordon,CA-2017-100615,DMI Arturo Collection Mission-style Design Wood Chair,317.058
BF-10975,Barbara Fisher,CA-2016-100041,Xerox 189,314.55
HG-14845,Harry Greene,CA-2017-141873,"O'Sullivan Elevations Bookcase, Cherry Finish",314.352
AW-10840,Anthony Witt,CA-2017-143798,Electrix Halogen Magnifier Lamp,310.88
JJ-15445,Jennifer Jackson,CA-2015-120915,Nortel Meridian M3904 Professional Digital phone,307.98
JW-15955,Joni Wasserman,CA-2017-163510,"Global Value Mid-Back Manager's Chair, Gray",304.45
AB-10165,Alan Barnes,CA-2015-115945,Tennsco Regal Shelving Units,304.23
TB-21355,Todd Boyes,CA-2017-159464,Hon 4-Shelf Metal Bookcases,302.94
DO-13645,Doug O'Connell,CA-2017-118003,Global Low Back Tilter Chair,302.94
JH-15910,Jonathan Howell,CA-2016-130162,Adtran 1202752G1,302.376
MS-17530,MaryBeth Skach,CA-2015-108119,"Iceberg OfficeWorks 42"" Round Tables",301.96
EM-14200,Evan Minnotte,CA-2017-167549,Safco Drafting Table,298.116
JC-16105,Julie Creighton,US-2014-167738,"Global Value Mid-Back Manager's Chair, Gray",292.272
JF-15490,Jeremy Farry,CA-2015-133445,Global Highback Leather Tilter in Burgundy,291.168
SS-20875,Sung Shariari,CA-2015-163965,O'Sullivan Living Dimensions 2-Shelf Bookcases,290.352
CR-12625,Corey Roper,CA-2014-111003,Boston Heavy-Duty Trimline Electric Pencil Sharpeners,289.2
CS-12460,Chuck Sachs,US-2017-126179,Pyle PMP37LED,287.97
CS-12175,Charles Sheldon,CA-2017-117632,"Lesro Sheffield Collection Coffee Table, End Table, Center Table, Corner Table",285.48
NK-18490,Neil Knudson,CA-2016-102561,Steel Personal Filing/Posting Tote,284.08
LS-17245,Lynn Smith,CA-2014-124730,ClearSounds CSC500 Amplified Spirit Phone Corded phone,279.96
SP-20650,Stephanie Phelps,CA-2016-136770,Logitech G500s Laser Gaming Mouse with Adjustable Weight Tuning,279.96
SS-20515,Shirley Schmidt,CA-2015-103135,Anker Ultra-Slim Mini Bluetooth 3.0 Wireless Keyboard,279.86
TR-21325,Toby Ritter,CA-2016-160815,Geemarc AmpliPOWER60,278.4
RC-19960,Ryan Crowe,US-2014-112872,"Chromcraft Bull-Nose Wood 48"" x 96"" Rectangular Conference Tables",275.49
LH-16750,Larry Hughes,CA-2017-133235,Nortel Networks T7316 E Nt8 B27,271.96
NF-18475,Neil Französisch,US-2015-100069,Cisco 8x8 Inc. 6753i IP Business Phone System,269.98
RD-19720,Roger Demir,CA-2016-149762,Hon 4060 Series Tables,268.704
JK-15325,Jason Klamczynski,US-2014-168501,RCA Visys Integrated PBX 8-Line Router,267.96
MS-17980,Michael Stewart,CA-2017-117667,Logitech G13 Programmable Gameboard with LCD Display,255.968
SF-20065,Sandra Flanagan,CA-2014-113383,"Dana Fluorescent Magnifying Lamp, White, 36""",254.9
JS-15940,Joni Sundaresam,US-2015-101399,Eldon ClusterMat Chair Mat with Cordless Antistatic Protection,254.744
EC-14050,Erin Creighton,US-2016-169369,Case Logic 2.4GHz Wireless Keyboard,249.95
LO-17170,Lori Olson,CA-2017-141572,"Advantus Employee of the Month Certificate Frame, 11 x 13-1/2",247.44
DS-13030,Darrin Sayre,CA-2017-131954,Carina Double Wide Media Storage Towers in Natural & Black,242.94
GB-14530,George Bell,CA-2016-159912,"Barricks 18"" x 48"" Non-Folding Utility Table with Bottom Storage Shelf",241.92
MH-17440,Mark Haberlin,CA-2016-163048,Harbour Creations Steel Folding Chair,241.5
BD-11770,Bryan Davis,CA-2017-115105,"Atlantic Metals Mobile 5-Shelf Bookcases, Custom Colors",240.784
AM-10360,Alice McCarthy,US-2015-107944,Logitech G600 MMO Gaming Mouse,239.97
RE-19450,Richard Eichhorn,CA-2015-151589,Cisco SPA 502G IP Phone,239.9
MS-17830,Melanie Seite,CA-2016-131296,"Bush Andora Conference Table, Maple/Graphite Gray Finish",239.372
SW-20245,Scot Wooten,CA-2017-111717,Hon Comfortask Task/Swivel Chairs,239.358
SC-20845,Sung Chung,CA-2017-117646,"Recycled Data-Pak for Archival Bound Computer Printouts, 12-1/2 x 12-1/2 x 16",237.096
BD-11635,Brian Derr,CA-2015-110814,Avery Arch Ring Binders,232.4
BM-11575,Brendan Murry,CA-2016-160304,GE 30522EE2,231.98
AG-10300,Aleksandra Gannaway,CA-2014-147298,Bevis Steel Folding Chairs,230.28
JH-15820,John Huston,CA-2017-132122,Recycled Steel Personal File for Hanging File Folders,228.92
JD-16060,Julia Dunbar,CA-2017-168123,Recycled Steel Personal File for Standard File Folders,221.16
JF-15295,Jason Fortune-,US-2017-110604,SAFCO Arco Folding Chair,220.96
BK-11260,Berenike Kampe,US-2014-140452,KI Adjustable-Height Table,214.95
KW-16570,Kelly Williams,US-2015-124219,"Tenex V2T-RE Standard Weight Series Chair Mat, 45"" x 53"", Lip 25"" x 12""",212.94
VG-21790,Vivek Gonzalez,CA-2016-151092,Panasonic KX-TG6844B Expandable Digital Cordless Telephone,211.168
MM-18280,Muhammed MacIntyre,CA-2015-132941,Logitech G35 7.1-Channel Surround Sound Headset,207.984
LT-16765,Larry Tron,US-2015-122910,VTech DS6151,201.584
AC-10660,Anna Chung,CA-2016-161928,Ooma Telo VoIP Home Phone System,201.584
SS-20590,Sonia Sunley,CA-2016-166275,Razer Tiamat Over Ear 7.1 Surround Sound PC Gaming Headset,199.99
PB-18805,Patrick Bzostek,CA-2017-156958,Eldon Radial Chair Mat for Low to Medium Pile Carpets,199.9
RB-19570,Rob Beeghly,US-2016-104815,"Safco Value Mate Steel Bookcase, Baked Enamel Finish on Steel, Black",198.744
LS-17230,Lycoris Saunders,CA-2015-118955,Office Star - Contemporary Swivel Chair with Padded Adjustable Arms and Flex Back,197.372
KM-16660,Khloe Miller,CA-2017-154116,Panasonic KX TS3282B Corded phone,196.776
AG-10330,Alex Grayson,CA-2017-142909,"Lesro Round Back Collection Coffee Table, End Table",182.55
HE-14800,Harold Engle,CA-2017-140480,Hunt Boston Vacuum Mount KS Pencil Sharpener,174.95
CD-12280,Christina DeMoss,US-2017-132444,Eldon Portable Mobile Manager,169.68
BN-11470,Brad Norvell,CA-2014-138527,Fellowes 8 Outlet Superior Workstation Surge Protector,166.84
HJ-14875,Heather Jas,CA-2016-166772,O'Sullivan 5-Shelf Heavy-Duty Bookcases,163.88
AO-10810,Anthony O'Donnell,CA-2016-148096,"Barricks 18"" x 48"" Non-Folding Utility Table with Bottom Storage Shelf",161.28
SC-20800,Stuart Calhoun,CA-2015-155761,Logitech Wireless Performance Mouse MX for PC and Mac,159.984
EM-14065,Erin Mull,CA-2014-127691,Logitech G602 Wireless Gaming Mouse,159.98
MG-17890,Michael Granlund,CA-2017-121125,LG G3,156.792
BD-11560,Brendan Dodson,CA-2015-163923,Imation Secure Drive + Hardware Encrypted USB flash drive - 16 GB,151.96
NB-18580,Nicole Brennan,CA-2014-164385,Belkin 8 Outlet SurgeMaster II Gold Surge Protector,143.952
AS-10240,Alan Shonely,CA-2014-149958,"Hot File 7-Pocket, Floor Stand",142.776
ST-20530,Shui Tom,CA-2014-163559,Avery Arch Ring Binders,139.44
JD-16015,Joy Daniels,CA-2017-156818,SanDisk Ultra 32 GB MicroSDHC Class 10 Memory Card,132.6
VM-21835,Vivian Mathis,CA-2016-115476,Plantronics Voyager Pro HD - Bluetooth Headset,129.98
BO-11425,Bobby Odegard,CA-2017-158386,Large Capacity Hanging Post Binders,124.75
JH-15430,Jennifer Halladay,CA-2017-105620,Lexmark 20R1285 X6650 Wireless All-in-One Printer,120.0
DW-13540,Don Weiss,CA-2017-132521,Belkin 8 Outlet SurgeMaster II Gold Surge Protector,119.96
JJ-15760,Joel Jenkins,CA-2015-103205,Nokia Lumia 521 (T-Mobile),119.96
AG-10765,Anthony Garverick,CA-2015-110947,Vinyl Sectional Post Binders,113.1
HH-15010,Hilary Holden,CA-2014-135699,Xerox 1940,109.92
LH-17020,Lisa Hazard,CA-2015-114923,JBL Micro Wireless Portable Bluetooth Speaker,107.982
SM-20005,Sally Matthias,CA-2014-148488,Poly Designer Cover & Back,106.344
JM-15580,Jill Matthias,CA-2016-136021,Texas Instruments TI-34 Scientific Calculator,105.552
GP-14740,Guy Phonely,CA-2015-117961,"Tennsco Lockers, Sand",104.9
HD-14785,Harold Dahlen,CA-2014-119172,Avery Arch Ring Binders,104.58
EH-13945,Eric Hoffmann,US-2016-110156,"Tennsco Lockers, Gray",100.704
AY-10555,Andy Yotov,CA-2017-137428,"Global Value Steno Chair, Gray",97.184
BF-11080,Bart Folk,CA-2017-140676,Xerox 1939,94.85
PT-19090,Pete Takahito,US-2016-152373,"Eldon Base for stackable storage shelf, platinum",93.456
AR-10510,Andrew Roberts,CA-2016-147536,Belkin F8E887 USB Wired Ergonomic Keyboard,89.97
EL-13735,Ed Ludwig,CA-2016-113061,Eldon Advantage Chair Mats for Low to Medium Pile Carpets,86.62
PL-18925,Paul Lucas,US-2016-113509,V7 USB Numeric Keypad,83.976
DD-13570,Dorothy Dickinson,US-2014-104759,Kensington SlimBlade Notebook Wireless Mouse with Nano Receiver ,79.984
ML-18265,Muhammed Lee,CA-2017-132262,Logitech M510 Wireless Mouse,79.98
GH-14665,Greg Hansen,CA-2017-136539,"Bush Westfield Collection Bookcases, Medium Cherry Finish",78.8528
RM-19750,Roland Murray,CA-2017-168193,"Westinghouse Floor Lamp with Metal Mesh Shade, Black",71.97
AG-10390,Allen Goldenen,CA-2014-158470,Xerox 232,71.28
PB-19210,Phillip Breyer,CA-2016-164938,Mediabridge Sport Armband iPhone 5s,69.93
GT-14755,Guy Thornton,CA-2015-105725,"Avery 4027 File Folder Labels for Dot Matrix Printers, 5000 Labels per Box, White",61.06
RB-19645,Robert Barroso,CA-2016-107615,Logitech ClearChat Comfort/USB Headset H390,58.58
CM-12445,Chuck Magee,CA-2016-133697,Office Star - Ergonomically Designed Knee Chair,56.686
AR-10570,Anemone Ratner,CA-2016-157588,"Howard Miller 13-3/4"" Diameter Brushed Chrome Round Wall Clock",51.75
MO-17950,Michael Oakman,US-2015-122140,Kingston Digital DataTraveler 16GB USB 2.0,50.12
KS-16300,Karen Seio,CA-2017-155824,Euro Pro Shark Stick Mini Vacuum,48.784
RE-19405,Ricardo Emerson,CA-2014-165477,Acco 6 Outlet Guardian Standard Surge Suppressor,48.36
CC-12550,Clay Cheatham,CA-2017-169901,Anker 36W 4-Port USB Wall Charger Travel Power Adapter for iPhone 5s 5c 5,47.976
JC-15340,Jasper Cacioppo,US-2017-129441,Tenex Chairmats For Use With Carpeted Floors,47.94
FW-14395,Fred Wasserman,CA-2016-139409,"LF Elite 3D Dazzle Designer Hard Case Cover, Lf Stylus Pen and Wiper For Apple Iphone 5c Mini Lite",43.6
AS-10135,Adrian Shami,CA-2017-162929,Avery Printable Repositionable Plastic Tabs,41.28
DA-13450,Dianna Arnett,US-2017-158512,Xerox 195,40.08
LB-16735,Larry Blacks,CA-2017-154088,Xerox 1968,26.72
SG-20890,Susan Gilcrest,CA-2016-144337,Easy-staple paper,19.648
CJ-11875,Carl Jackson,CA-2016-163951,Newell 31,16.52
MG-18205,Mitch Gastineau,CA-2017-115070,Stackable Trays,12.32
RS-19870,Roy Skaria,CA-2016-107475,Ideal Clamps,9.648
LD-16855,Lela Donovan,CA-2016-152331,Newell 311,5.304
TS-21085,Thais Sissman,US-2017-168690,Zipper Ring Binder Pockets,2.808
