customer_id,customer_name,total_sales,sales_rank
SM-20320,Sean Miller,25043.05,1
TC-20980,Tamara Chand,19052.217999999997,2
RB-19360,Raymond Buch,15117.339,3
TA-21385,Tom Ashbrook,14595.62,4
AB-10105,Adrian Barton,14473.570999999998,5
KL-16645,Ken Lonsdale,14175.229,6
SC-20095,Sanjit Chand,14142.333999999999,7
HL-15040,Hunter Lopez,12873.297999999999,8
SE-20110,Sanjit Engle,12209.438000000002,9
CC-12370,Christopher Conant,12129.072,10
TS-21370,Todd Sumrall,11891.751,11
GT-14710,Greg Tran,11820.119999999997,12
BM-11140,Becky Martin,11789.630000000003,13
SV-20365,Seth Vernon,11470.949999999997,14
CJ-12010,Caroline Jumper,11164.974,15
CL-12565,Clay Ludtke,10880.545999999998,16
ME-17320,Maria Etezadi,10663.727999999997,17
KF-16285,Karen Ferguson,10604.266,18
BS-11365,Bill Shonely,10501.652999999998,19
EH-13765,Edward Hooks,10310.880000000001,20
JL-15835,John Lee,9799.923,21
GT-14635,Grant Thornton,9351.211999999998,22
HW-14935,Helen Wasserman,9300.253999999997,23
TB-21400,Tom Boeckenhauer,9133.99,24
PF-19120,Peter Fuller,9062.863999999998,25
CM-12385,Christopher Martinez,8954.02,26
JD-16150,Justin Deggeller,8828.030499999999,27
JE-15715,Joe Elijah,8697.843,28
LA-16780,Laura Armstrong,8673.221999999998,29
PK-19075,Pete Kriz,8646.933999999997,30
DR-12940,Daniel Raglin,8350.868,31
NF-18385,Natalie Fritzler,8322.826000000001,32
KD-16270,Karen Daniels,8282.358,33
NC-18535,Nick Crebassa,8241.739,34
HM-14860,Harry Marie,8236.7648,35
KD-16495,Keith Dawkins,8181.256,36
SB-20290,Sean Braxton,8057.890999999999,37
ZC-21910,Zuschuss Carroll,8025.707000000001,38
JH-15985,Joseph Holt,7954.998,39
NP-18700,Nora Preis,7903.182500000001,40
AH-10690,Anna Häberlin,7888.294000000001,41
AB-10060,Adam Bellavance,7755.619999999999,42
JE-15610,Jim Epp,7754.976,43
JW-15220,Jane Waco,7721.714,44
LC-16885,Lena Creighton,7663.125999999999,45
JM-15865,John Murray,7625.076000000002,46
JD-15895,Jonathan Doherty,7610.864,47
PO-18850,Patrick O'Brill,7473.828200000001,48
MS-17365,Maribeth Schnelling,7443.6900000000005,49
RW-19540,Rick Wilson,7397.401000000001,50
BM-11650,Brian Moss,7294.185,51
PP-18955,Paul Prost,7252.608000000002,52
NW-18400,Natalie Webber,7234.013999999999,53
Dp-13240,Dean percer,7198.760999999999,54
FH-14365,Fred Hopkins,6987.195999999999,55
RH-19510,Rick Huthwaite,6979.18,56
PS-19045,Penelope Sewall,6843.633999999999,57
BB-11545,Brenda Bowman,6765.727999999999,58
JE-15745,Joel Eaton,6760.814999999999,59
YS-21880,Yana Sorensen,6720.443999999999,60
AR-10540,Andy Reiter,6608.448,61
DR-12880,Dan Reichenbach,6528.033999999999,62
GK-14620,Grace Kelly,6497.27,63
JA-15970,Joseph Airdo,6491.026000000001,64
NM-18445,Nathan Mautz,6459.343999999999,65
VD-21670,Valerie Dominguez,6442.254000000001,66
SB-20185,Sarah Brown,6410.995999999999,67
JG-15160,James Galang,6366.391999999999,68
DM-13015,Darrin Martin,6345.103,69
CM-12655,Corinna Mitchell,6339.5576,70
MJ-17740,Max Jones,6320.746,71
BH-11710,Brosina Hoffman,6255.351000000001,72
RL-19615,Rob Lucas,6234.909999999999,73
WB-21850,William Brown,6160.102,74
VW-21775,Victoria Wilson,6134.0380000000005,75
SD-20485,Shirley Daniels,6121.114,76
QJ-19255,Quincy Jones,6108.338,77
AD-10180,Alan Dominguez,6106.879999999999,78
CB-12025,Cassandra Brandow,6076.138999999999,79
GM-14695,Greg Maxwell,6049.966000000002,80
SC-20380,Shahid Collister,5992.535999999999,81
KH-16690,Kristen Hastings,5990.798999999999,82
RM-19675,Robert Marley,5979.0960000000005,83
KH-16510,Keith Herrera,5952.859000000002,84
BF-11170,Ben Ferrer,5907.972,85
CP-12340,Christine Phan,5888.275000000001,86
BD-11320,Bill Donatelli,5718.521000000001,87
CS-12505,Cindy Stewart,5690.054999999999,88
AM-10705,Anne McFarland,5664.022,89
RB-19795,Ross Baird,5633.315999999999,90
KM-16375,Katherine Murray,5620.186,91
AA-10315,Alex Avila,5563.56,92
SM-20950,Suzanne McNair,5563.392,93
NP-18325,Naresj Patel,5529.62,94
AC-10450,Amy Cox,5527.8460000000005,95
MH-18115,Mick Hernandez,5503.092999999999,96
DP-13390,Dennis Pardue,5480.723999999999,97
EP-13915,Emily Phan,5478.0608,98
YC-21895,Yoseph Carroll,5454.35,99
SP-20620,Stefania Perrino,5440.319,100
LW-17215,Luke Weiss,5420.513999999999,101
CP-12085,Cathy Prescott,5402.253999999999,102
TS-21205,Thomas Seio,5371.09,103
TT-21460,Tonja Turnell,5364.808000000001,104
MW-18220,Mitch Webber,5341.9,105
TP-21415,Tom Prescott,5329.0048,106
TW-21025,Tamara Willingham,5278.825999999999,107
DW-13480,Dianna Wilson,5271.628,108
MW-18235,Mitch Willingham,5253.876,109
HR-14830,Harold Ryan,5248.786999999999,110
SC-20725,Steven Cartwright,5226.209999999998,111
RP-19390,Resi Pölking,5153.084,112
LR-16915,Lena Radford,5142.891999999999,113
MP-18175,Mike Pelletier,5087.92,114
AA-10645,Anna Andreadi,5086.935000000001,115
IL-15100,Ivan Liston,5040.736,116
KL-16555,Kelly Lampkin,5016.488000000001,117
LB-16795,Laurel Beltran,4985.676,118
DH-13075,Dave Hallsten,4932.871999999999,119
IM-15070,Irene Maddox,4930.473999999999,120
TT-21070,Ted Trevino,4915.602,121
KM-16720,Kunst Miller,4909.472000000001,122
PO-19180,Philisse Overcash,4893.043000000001,123
HK-14890,Heather Kirkland,4877.784,124
AJ-10780,Anthony Jacobs,4867.344,125
JK-15730,Joe Kamberova,4867.200000000001,126
AH-10210,Alan Hwang,4805.344,127
DK-13225,Dean Katz,4802.393999999999,128
RA-19915,Russell Applegate,4793.543000000001,129
SA-20830,Sue Ann Reed,4767.3415,130
JK-15640,Jim Kriz,4760.434000000001,131
BW-11110,Bart Watters,4750.357999999999,132
TB-21520,Tracy Blumstein,4737.486,133
GB-14575,Giulietta Baptist,4716.2880000000005,134
RB-19465,Rick Bensley,4715.466000000001,135
ES-14080,Erin Smith,4657.924,136
DB-13270,Deborah Brumfield,4655.897,137
KT-16480,Kean Thornton,4642.088400000001,138
SC-20050,Sample Company A,4624.572000000001,139
EM-14140,Eugene Moren,4588.436,140
DB-13060,Dave Brooks,4531.646000000002,141
AR-10825,Anthony Rawles,4523.335999999999,142
AG-10900,Arthur Gainer,4510.7970000000005,143
AJ-10795,Anthony Johnson,4501.391,144
LC-16930,Linda Cazamias,4492.946,145
SC-20770,Stewart Carmichael,4492.656999999999,146
TP-21130,Theone Pippenger,4454.056,147
MC-17425,Mark Cousins,4432.138,148
JK-15205,Jamie Kunitz,4427.142000000001,149
KW-16435,Katrina Willman,4416.52,150
BD-11500,Bradley Drucker,4411.243,151
AI-10855,Arianne Irving,4375.785999999999,152
SC-20230,Scot Coram,4371.9580000000005,153
EB-13840,Ellis Ballard,4358.128,154
GZ-14470,Gary Zandusky,4355.15,155
SR-20740,Steven Roelle,4345.8859999999995,156
ND-18370,Natalie DeCherney,4326.139,157
MA-17560,Matt Abelman,4299.160999999999,158
SP-20860,Sung Pak,4282.94,159
DK-12895,Dana Kaydos,4282.175999999999,160
RD-19480,Rick Duston,4272.93,161
TC-21295,Toby Carlisle,4266.812,162
AS-10225,Alan Schoenberger,4260.784000000001,163
FH-14275,Frank Hawley,4256.272,164
CB-12535,Claudia Bergmann,4246.4555,165
TH-21550,Tracy Hopkins,4234.0960000000005,166
BE-11335,Bill Eplett,4204.6759999999995,167
JF-15565,Jill Fjeld,4198.332,168
GH-14425,Gary Hwang,4172.8460000000005,169
RS-19765,Roland Schwarz,4159.769999999999,170
MY-18295,Muhammed Yedwab,4152.696000000001,171
PM-19135,Peter McVee,4115.662,172
SV-20785,Stewart Visinsky,4105.305,173
DM-13345,Denise Monton,4074.4720000000007,174
FP-14320,Frank Preis,4046.7460000000005,175
SP-20920,Susan Pistek,3990.6890000000003,176
CM-12715,Craig Molinari,3984.4524,177
MP-17965,Michael Paige,3983.6420000000003,178
SC-20305,Sean Christensen,3979.0649999999996,179
SJ-20125,Sanjit Jacobs,3949.6559999999995,180
LF-17185,Luke Foster,3930.509,181
PW-19240,Pierre Wener,3922.4149999999995,182
GA-14515,George Ashbrook,3919.7760000000003,183
KH-16630,Ken Heidel,3918.966,184
CC-12220,Chris Cortes,3913.418,185
DB-13555,Dorothy Badders,3908.8028,186
NP-18670,Nora Paige,3908.402,187
KC-16540,Kelly Collister,3908.2619999999997,188
FC-14335,Fred Chung,3889.3659999999995,189
BS-11380,Bill Stewart,3887.834,190
JS-15880,John Stevenson,3868.02,191
RA-19885,Ruben Ausman,3832.3139999999994,192
AT-10735,Annie Thurman,3831.8640000000005,193
OT-18730,Olvera Toch,3818.6240000000003,194
RO-19780,Rose O'Brian,3815.478,195
MC-17845,Michael Chen,3805.714000000001,196
MM-17920,Michael Moore,3794.08,197
CA-11965,Carol Adams,3789.7228,198
MG-17650,Matthew Grinstein,3785.276,199
MD-17350,Maribeth Dona,3766.382,200
JK-15625,Jim Karlsson,3760.028,201
JK-16090,Juliana Krohn,3747.6680000000006,202
FM-14290,Frank Merwin,3736.1979999999994,203
SC-20260,Scott Cohen,3729.7929999999997,204
HG-15025,Hunter Glantz,3690.284,205
BP-11185,Ben Peterman,3675.861,206
LP-17095,Liz Preis,3653.3990000000003,207
CS-12400,Christopher Schild,3651.8585000000007,208
EB-13705,Ed Braxton,3644.9780000000005,209
JP-15520,Jeremy Pistek,3635.5940000000005,210
SZ-20035,Sam Zeldin,3625.3289999999997,211
RH-19495,Rick Hansen,3621.3759999999997,212
TB-21175,Thomas Boland,3589.296,213
GM-14440,Gary McGarr,3582.8199999999997,214
DL-13495,Dionis Lloyd,3539.322,215
ES-14020,Erica Smith,3510.4579999999996,216
RW-19690,Robert Waldorf,3495.646,217
AG-10675,Anna Gayman,3489.0395999999996,218
ED-13885,Emily Ducich,3484.92,219
PW-19030,Pauline Webber,3454.916,220
SF-20200,Sarah Foster,3422.785999999999,221
FC-14245,Frank Carlisle,3418.742,222
SH-19975,Sally Hughsby,3406.8394999999996,223
SG-20080,Sandra Glassco,3406.581,224
TS-21655,Trudy Schmidt,3368.093999999999,225
SC-20020,Sam Craven,3362.9635999999996,226
VP-21760,Victoria Pisteka,3360.526,227
DJ-13630,Doug Jacobs,3356.3979999999997,228
DV-13465,Dianna Vittorini,3341.5870000000004,229
SF-20965,Sylvia Foulston,3336.535,230
DC-12850,Dan Campbell,3336.1680000000006,231
AP-10915,Arthur Prichep,3323.556,232
DK-13375,Dennis Kane,3318.4859999999994,233
KH-16330,Katharine Harms,3312.864,234
RF-19345,Randy Ferguson,3309.1500000000005,235
RR-19525,Rick Reed,3302.262,236
BD-11605,Brian Dahlen,3288.471,237
BS-11665,Brian Stugart,3288.11,238
RW-19630,Rob Williams,3279.7459999999996,239
DL-12925,Daniel Lacy,3272.2000000000003,240
DK-12835,Damala Kotsonis,3256.4800000000005,241
AS-10090,Adam Shillingsburg,3255.3099999999995,242
JO-15145,Jack O'Briant,3254.9490000000005,243
AH-10075,Adam Hart,3250.336999999999,244
HG-14965,Henry Goldwyn,3247.6419999999994,245
LC-16960,Lindsay Castell,3246.626,246
CT-11995,Carol Triggs,3241.898000000001,247
EB-13750,Edward Becker,3236.3139999999994,248
SR-20425,Sharelle Roach,3233.481,249
LW-16990,Lindsay Williams,3230.308,250
RS-19420,Ricardo Sperren,3221.29,251
AS-10285,Alejandro Savely,3214.236,252
MP-17470,Mark Packer,3206.132,253
CS-12355,Christine Sundaresam,3202.1620000000003,254
BT-11680,Brian Thompson,3196.7520000000004,255
DG-13300,Deirdre Greer,3195.818,256
JL-15505,Jeremy Lonsdale,3173.874,257
GM-14680,Greg Matthias,3163.628,258
JM-15250,Janet Martin,3159.1220000000003,259
CK-12205,Chloris Kastensmidt,3154.855,260
KB-16240,Karen Bern,3152.615,261
MS-17770,Maxwell Schwartz,3144.6779999999994,262
RD-19900,Ruben Dartt,3133.9239999999995,263
TN-21040,Tanja Norvell,3130.221,264
SN-20710,Steve Nguyen,3127.9592000000007,265
SG-20605,Speros Goranitis,3124.832000000001,266
KH-16360,Katherine Hughes,3100.6119999999996,267
PG-18820,Patrick Gardner,3086.907,268
EH-14125,Eugene Hildebrand,3082.6530000000002,269
GM-14455,Gary Mitchum,3078.6240000000003,270
EB-14110,Eugene Barchas,3071.1259999999997,271
MG-18145,Mike Gockenbach,3061.543,272
TG-21310,Toby Gnade,3058.3720000000003,273
KT-16465,Kean Takahito,3057.1,274
SS-20410,Shahid Shariari,3056.807,275
SL-20155,Sara Luxemburg,3053.012000000001,276
AS-10045,Aaron Smayling,3050.6920000000005,277
CA-12775,Cynthia Arntzen,3041.5659999999993,278
CS-11950,Carlos Soltero,3036.5469999999996,279
LS-16975,Lindsay Shagiari,2988.674,280
MH-18025,Michelle Huthwaite,2984.9480000000003,281
FA-14230,Frank Atkinson,2984.053999999999,282
DB-13120,David Bremer,2973.094,283
NS-18640,Noel Staavos,2964.8229999999994,284
TM-21010,Tamara Manning,2955.2259999999997,285
CK-12325,Christine Kargatis,2945.321,286
TH-21115,Thea Hudgings,2942.772,287
LT-17110,Liz Thompson,2936.2519999999995,288
BC-11125,Becky Castell,2933.6759999999995,289
JK-16120,Julie Kriz,2932.4840000000004,290
SW-20455,Shaun Weien,2921.544,291
ML-17410,Maris LaWare,2921.499999999999,292
RD-19585,Rob Dowd,2912.8940000000002,293
CY-12745,Craig Yedwab,2900.026,294
ND-18460,Neil Ducich,2893.455,295
MT-17815,Meg Tillman,2890.139,296
BF-11020,Barry Französisch,2888.506,297
DS-13180,David Smith,2881.8128,298
PV-18985,Paul Van Hugh,2876.0460000000003,299
IM-15055,Ionia McGrath,2872.63,300
CC-12430,Chuck Clark,2870.0500000000006,301
CC-12685,Craig Carroll,2854.1150000000007,302
AW-10930,Arthur Wiediger,2852.9680000000003,303
EA-14035,Erin Ashbrook,2846.7050000000004,304
LS-16945,Linda Southworth,2845.27,305
DB-12970,Darren Budd,2839.2272000000003,306
JM-16195,Justin MacKendrick,2833.9260000000004,307
CV-12295,Christina VanderZanden,2830.6279999999997,308
TS-21610,Troy Staebel,2820.4240000000004,309
GH-14410,Gary Hansen,2819.4670000000006,310
BG-11035,Barry Gonzalez,2798.948,311
TB-21625,Trudy Brown,2797.668,312
RD-19660,Robert Dilbeck,2786.6319999999996,313
JC-15775,John Castell,2772.0550000000007,314
PF-19165,Philip Fox,2770.0,315
EB-13870,Emily Burns,2767.219,316
CS-12250,Chris Selesnick,2754.216,317
MM-18055,Michelle Moray,2749.881,318
KB-16585,Ken Black,2744.742,319
LL-16840,Lauren Leatherbury,2741.204,320
MC-17275,Marc Crier,2725.982,321
JL-15850,John Lucas,2725.2560000000003,322
ML-17395,Marina Lichtenstein,2722.843,323
JK-15370,Jay Kimmel,2709.632,324
JE-16165,Justin Ellison,2697.248,325
BT-11530,Bradley Talbott,2684.492,326
BO-11350,Bill Overfelt,2682.728,327
FO-14305,Frank Olsen,2678.438,328
NH-18610,Nicole Hansen,2673.2899999999995,329
RB-19435,Richard Bierner,2663.0860000000002,330
EJ-14155,Eva Jacobs,2656.691,331
DK-13090,Dave Kipp,2650.557,332
CA-12265,Christina Anderson,2648.2871999999998,333
LC-17140,Logan Currie,2633.5820000000003,334
RA-19285,Ralph Arnett,2617.9060000000004,335
KN-16390,Katherine Nockton,2617.2720000000004,336
SO-20335,Sean O'Donnell,2602.575500000001,337
SU-20665,Stephanie Ulpright,2595.3640000000005,338
HA-14920,Helen Andreada,2584.1580000000004,339
AG-10270,Alejandro Grove,2582.8979999999997,340
LC-16870,Lena Cacioppo,2580.7039999999997,341
SC-20695,Steve Chapman,2576.408,342
NS-18505,Neola Schneider,2575.863,343
BT-11305,Beth Thompson,2567.656,344
EM-13810,Eleni McCrary,2567.01,345
MZ-17515,Mary Zewe,2564.906,346
BS-11755,Bruce Stewart,2562.3820000000005,347
DE-13255,Deanra Eno,2550.874,348
CC-12610,Corey Catlett,2540.631,349
AC-10615,Ann Chong,2537.686,350
CM-12160,Charles McCrossin,2533.314,351
HF-14995,Herbert Flentye,2533.164,352
FM-14380,Fred McMath,2523.2659999999996,353
JB-16045,Julia Barnett,2518.115,354
JS-16030,Joy Smith,2516.4939999999997,355
DJ-13510,Don Jones,2501.688,356
AH-10465,Amy Hunt,2495.3916000000004,357
PO-18865,Patrick O'Donnell,2493.2140000000004,358
NZ-18565,Nick Zandusky,2488.31,359
MN-17935,Michael Nguyen,2477.946,360
BP-11290,Beth Paige,2475.1570000000006,361
CC-12145,Charles Crestani,2471.6500000000005,362
NC-18340,Nat Carroll,2461.404000000001,363
FM-14215,Filia McAdams,2456.6380000000004,364
MH-17455,Mark Hamilton,2456.182,365
BS-11590,Brendan Sweed,2454.9280000000003,366
VM-21685,Valerie Mitchum,2454.866,367
GZ-14545,George Zrebassa,2454.6220000000003,368
MA-17995,Michelle Arnett,2453.284,369
BP-11095,Bart Pistole,2442.044,370
MC-17590,Matt Collister,2426.0669999999996,371
TH-21100,Thea Hendricks,2422.824,372
MH-17290,Marc Harrigan,2394.0249999999996,373
DF-13135,David Flashing,2390.534,374
XP-21865,Xylona Preis,2374.6580000000004,375
CK-12595,Clytie Kelty,2372.7500000000005,376
JF-15415,Jennifer Ferguson,2371.448,377
CV-12805,Cynthia Voltz,2370.3136,378
NR-18550,Nick Radford,2367.277,379
JG-15115,Jack Garza,2358.676,380
AG-10495,Andrew Gjertsen,2356.855,381
CL-12700,Craig Leslie,2353.586,382
MG-17680,Maureen Gastineau,2350.188,383
RF-19735,Roland Fjeld,2341.2960000000003,384
EM-13825,Elizabeth Moffitt,2339.598,385
DB-13210,Dean Braden,2332.577,386
CM-12235,Chris McAfee,2305.712,387
MK-17905,Michael Kennedy,2302.3680000000004,388
LH-16900,Lena Hernandez,2295.3320000000003,389
KN-16705,Kristina Nunn,2280.5800000000004,390
JF-15190,Jamie Frazer,2279.5860000000002,391
FH-14350,Fred Harton,2271.284,392
CC-12670,Craig Carreira,2269.7015000000006,393
BE-11410,Bobby Elias,2261.438,394
KM-16225,Kalyca Meade,2260.9579999999996,395
MC-17605,Matt Connell,2258.192,396
JH-16180,Justin Hirsh,2256.3940000000002,397
MY-17380,Maribeth Yedwab,2254.2849999999994,398
KD-16615,Ken Dana,2243.5099999999998,399
TS-21505,Tony Sayre,2243.274,400
JG-15310,Jason Gross,2240.5800000000004,401
LW-16825,Laurel Workman,2238.0609999999997,402
AR-10405,Allen Rosenblatt,2236.128,403
GG-14650,Greg Guthrie,2224.000000000001,404
NC-18415,Nathan Cano,2218.99,405
MC-18100,Mick Crebagga,2218.98,406
DP-13105,Dave Poirier,2215.002,407
PF-19225,Phillip Flathmann,2206.1279999999997,408
MH-17785,Maya Herman,2203.7780000000002,409
JL-15235,Janet Lee,2203.7,410
JR-16210,Justin Ritter,2201.6859999999997,411
EN-13780,Edward Nazzal,2199.366,412
TB-21280,Toby Braunhardt,2198.45,413
GW-14605,Giulietta Weimer,2189.0190000000007,414
BT-11395,Bill Tyler,2186.6130000000003,415
PS-18760,Pamela Stobb,2181.479,416
SH-20395,Shahid Hopkins,2180.718,417
KN-16450,Kean Nguyen,2171.962,418
DB-12910,Daniel Byrd,2171.599,419
RP-19855,Roy Phan,2170.716000000001,420
TS-21160,Theresa Swint,2163.6240000000003,421
HA-14905,Helen Abelman,2163.3,422
EJ-13720,Ed Jacobs,2162.174,423
NM-18520,Neoma Murray,2161.9790000000003,424
JD-15790,John Dryer,2152.3520000000003,425
CR-12580,Clay Rozendal,2148.852,426
DN-13690,Duane Noonan,2139.7900000000004,427
KC-16255,Karen Carlisle,2120.954,428
SH-20635,Stefanie Holloman,2096.392,429
LC-17050,Liz Carlisle,2095.064,430
RH-19600,Rob Haberlin,2085.7400000000002,431
TG-21640,Trudy Glocke,2074.661,432
ML-17755,Max Ludwig,2071.914,433
RB-19705,Roger Barcio,2067.45,434
TS-21430,Tom Stivers,2054.14,435
AF-10870,Art Ferguson,2052.9080000000004,436
CD-11920,Carlos Daly,2033.968,437
NF-18595,Nicole Fjeld,2031.472,438
DJ-13420,Denny Joy,2012.5200000000002,439
VB-21745,Victoria Brennan,2005.5959999999998,440
HP-14815,Harold Pawlan,1990.314,441
DB-13615,Doug Bickford,1989.05,442
PG-18895,Paul Gonzalez,1987.1640000000002,443
NB-18655,Nona Balk,1972.599,444
SW-20275,Scott Williamson,1966.65,445
LD-17005,Lisa DeCherney,1961.934,446
CB-12415,Christy Brittain,1949.2,447
TP-21565,Tracy Poddar,1936.6399999999996,448
JO-15280,Jas O'Carroll,1934.2720000000002,449
JF-15355,Jay Fein,1911.844,450
ME-17725,Max Engle,1908.4532,451
SV-20935,Susan Vittorini,1903.491,452
KD-16345,Katherine Ducich,1888.964,453
GD-14590,Giulietta Dortch,1888.0700000000002,454
SG-20470,Sheri Gordon,1884.7980000000002,455
LR-17035,Lisa Ryan,1879.3059999999998,456
SC-20440,Shaun Chance,1874.998,457
BG-11695,Brooke Gillingham,1874.172,458
SP-20650,Stephanie Phelps,1872.4360000000001,459
NG-18355,Nat Gilpin,1869.58,460
CD-12790,Cynthia Delaney,1860.732,461
SN-20560,Skye Norling,1860.418,462
PR-18880,Patrick Ryan,1840.1779999999997,463
AJ-10945,Ashley Jarboe,1839.2400000000002,464
PC-18745,Pamela Coakley,1832.064,465
EG-13900,Emily Grady,1832.02,466
PJ-19015,Pauline Johnson,1824.2340000000002,467
NC-18625,Noah Childs,1821.7420000000002,468
JM-15265,Janet Molinari,1804.1460000000002,469
JB-15400,Jennifer Braxton,1791.605,470
AA-10480,Andrew Allen,1790.512,471
CC-12100,Chad Cunningham,1770.945,472
DS-13030,Darrin Sayre,1762.2130000000002,473
MF-18250,Monica Federle,1758.3,474
AH-10030,Aaron Hawkins,1744.6999999999998,475
LH-17155,Logan Haushalter,1739.6889999999999,476
BW-11200,Ben Wallace,1738.4060000000002,477
VT-21700,Valerie Takahito,1736.596,478
AH-10120,Adrian Hane,1735.5140000000001,479
MV-18190,Mike Vittorini,1734.5739999999998,480
JM-15535,Jessica Myrick,1733.4430000000002,481
BE-11455,Brad Eason,1727.652,482
DB-13405,Denny Blanton,1711.692,483
JP-16135,Julie Prescott,1707.7099999999998,484
TZ-21580,Tracy Zic,1707.2860000000003,485
BP-11155,Becky Pak,1697.8609999999999,486
DK-12985,Darren Koutras,1687.04,487
MO-17800,Meg O'Connel,1687.027,488
RA-19945,Ryan Akin,1686.9225000000004,489
KE-16420,Katrina Edelman,1686.7312000000002,490
CA-12055,Cathy Armstrong,1679.724,491
CM-11815,Candace McMahon,1673.8880000000001,492
JP-15460,Jennifer Patt,1669.1350000000002,493
CM-12115,Chad McGuire,1661.6100000000001,494
CC-12475,Cindy Chapman,1659.438,495
EB-13975,Erica Bern,1643.255,496
AP-10720,Anne Pryor,1638.5539999999999,497
AZ-10750,Annie Zypern,1622.018,498
MS-17710,Maurice Satty,1613.402,499
TB-21250,Tim Brockman,1602.376,500
CR-12730,Craig Reiter,1600.55,501
AH-10195,Alan Haines,1587.452,502
BF-11215,Benjamin Farhat,1585.162,503
CK-12760,Cyma Kinney,1582.1090000000004,504
MC-18130,Mike Caudle,1581.9979999999998,505
JL-15175,James Lanier,1571.523,506
KB-16315,Karl Braun,1569.4640000000002,507
GB-14530,George Bell,1568.44,508
ON-18715,Odella Nelson,1567.52,509
MV-17485,Mark Van Huff,1560.05,510
MB-17305,Maria Bertelson,1548.7019999999998,511
BD-11620,Brian DeCherney,1538.1099999999997,512
CH-12070,Cathy Hwang,1537.2360000000003,513
BD-11725,Bruce Degenhardt,1526.5,514
BV-11245,Benjamin Venier,1523.2730000000001,515
KA-16525,Kelly Andreada,1519.506,516
AB-10600,Ann Blume,1515.862,517
JG-15805,John Grady,1507.0180000000003,518
DL-12865,Dan Lawera,1503.112,519
ZD-21925,Zuschuss Donatelli,1493.944,520
CM-12190,Charlotte Melton,1475.1440000000002,521
LE-16810,Laurel Elliston,1469.4500000000003,522
TB-21055,Ted Butterfield,1467.881,523
PN-18775,Parhena Norris,1467.152,524
RK-19300,Ralph Kennedy,1460.1920000000002,525
BN-11515,Bradley Nguyen,1459.344,526
DL-13315,Delfina Latchford,1458.2580000000003,527
PB-19150,Philip Brown,1456.9499999999998,528
AG-10525,Andy Gerbode,1455.0379999999998,529
RM-19375,Raymond Messe,1453.474,530
PK-18910,Paul Knutson,1441.152,531
TD-20995,Tamara Dahlen,1434.5480000000002,532
JW-16075,Julia West,1428.731,533
MB-18085,Mick Brown,1428.231,534
TT-21220,Thomas Thornton,1427.044,535
CA-12310,Christine Abelman,1421.954,536
RD-19720,Roger Demir,1419.7370000000003,537
NL-18310,Nancy Lomonaco,1418.0900000000001,538
JS-15595,Jill Stevenson,1417.654,539
PM-18940,Paul MacIntyre,1405.402,540
GA-14725,Guy Armstrong,1398.382,541
CR-12820,Cyra Reiten,1397.8724000000002,542
NG-18430,Nathan Gelder,1395.938,543
JE-15475,Jeremy Ellison,1388.682,544
TB-21595,Troy Blackwell,1387.559,545
FG-14260,Frank Gastineau,1383.1440000000002,546
DM-13525,Don Miller,1376.792,547
GH-14485,Gene Hale,1361.2440000000001,548
SB-20170,Sarah Bern,1348.02,549
LM-17065,Liz MacKendrick,1346.774,550
MG-17695,Maureen Gnade,1342.282,551
SJ-20215,Sarah Jordon,1341.036,552
BM-11785,Bryan Mills,1338.8419999999999,553
BF-11005,Barry Franz,1333.88,554
SS-20140,Saphhira Shifley,1324.028,555
DM-12955,Dario Medina,1322.034,556
MT-18070,Michelle Tran,1319.4497999999999,557
SJ-20500,Shirley Jackson,1318.7759999999998,558
MM-17260,Magdelene Morse,1314.0230000000001,559
SP-20545,Sibella Parks,1306.0859999999998,560
MC-17575,Matt Collins,1303.893,561
EK-13795,Eileen Kiefer,1303.478,562
Co-12640,Corey-Lock,1300.076,563
DO-13435,Denny Ordway,1300.0315000000003,564
HR-14770,Hallie Redmond,1299.2879999999998,565
GR-14560,Georgia Rosenberg,1284.38,566
CS-11845,Cari Sayre,1278.954,567
PS-18970,Paul Stevenson,1278.6390000000001,568
SV-20815,Stuart Van,1271.0900000000004,569
DO-13645,Doug O'Connell,1267.316,570
CL-11890,Carl Ludwig,1262.014,571
LW-17125,Liz Willingham,1259.04,572
ME-18010,Michelle Ellison,1256.944,573
GM-14500,Gene McClure,1255.6819999999998,574
SC-20680,Steve Carroll,1254.64,575
MH-17620,Matt Hagelstein,1252.8,576
ER-13855,Elpida Rittenbach,1245.788,577
TC-21475,Tony Chapman,1244.976,578
JW-15955,Joni Wasserman,1244.086,579
MG-17875,Michael Grace,1242.833,580
NP-18685,Nora Pelletier,1228.698,581
PJ-18835,Patrick Jones,1220.0900000000001,582
EH-14005,Erica Hernandez,1219.5299999999997,583
JL-15130,Jack Lebron,1214.9560000000001,584
CD-12280,Christina DeMoss,1205.584,585
MD-17860,Michael Dominguez,1204.9099999999999,586
DW-13585,Dorothy Wardle,1204.854,587
EB-14170,Evan Bailliet,1186.326,588
BP-11230,Benjamin Patterson,1181.4900000000002,589
DC-13285,Debra Catini,1174.618,590
AT-10435,Alyssa Tate,1171.8139999999999,591
JR-15670,Jim Radford,1156.658,592
DB-13660,Duane Benoit,1155.2019999999998,593
CG-12520,Claire Gute,1148.7800000000002,594
KC-16675,Kimberly Carter,1146.0500000000002,595
RD-19810,Ross DeVincentis,1137.6159999999998,596
CW-11905,Carl Weiss,1136.592,597
JS-15685,Jim Sink,1131.0639999999999,598
DV-13045,Darrin Van Huff,1119.4830000000002,599
AB-10165,Alan Barnes,1113.838,600
TM-21490,Tony Molinari,1094.6779999999999,601
JO-15550,Jesus Ocampo,1090.838,602
SW-20245,Scot Wooten,1085.078,603
JF-15490,Jeremy Farry,1082.918,604
DB-13360,Dennis Bolton,1081.466,605
DW-13195,David Wiener,1080.751,606
CS-12490,Cindy Schnelling,1077.2285000000002,607
PC-19000,Pauline Chand,1061.488,608
DP-13165,David Philippe,1058.616,609
JC-15385,Jenna Caffey,1058.1080000000002,610
PO-19195,Phillina Ober,1056.8580000000002,611
AA-10375,Allen Armold,1056.39,612
VS-21820,Vivek Sundaresam,1055.9809999999998,613
AR-10345,Alex Russell,1055.694,614
DP-13000,Darren Powers,1050.636,615
DH-13675,Duane Huffman,1043.096,616
SM-20905,Susan MacKendrick,1043.0410000000002,617
EM-14095,Eudokia Martin,1041.042,618
TC-21145,Theresa Coyne,1038.26,619
MK-18160,Mike Kennedy,1031.6019999999999,620
TH-21235,Tiffany House,1022.2010000000001,621
SW-20350,Sean Wendt,1019.0439999999998,622
LS-17200,Luke Schmidt,1010.2560000000001,623
RB-19330,Randy Bradley,1008.1959999999999,624
LS-17245,Lynn Smith,1008.1359999999999,625
BG-11740,Bruce Geld,1006.356,626
VP-21730,Victor Preis,993.9019999999999,627
KB-16600,Ken Brennan,983.922,628
BP-11050,Barry Pond,983.4199999999998,629
TS-21340,Toby Swindell,974.7819999999999,630
RD-19930,Russell D'Ascenzo,970.9420000000001,631
AB-10150,Aimee Bixby,966.7099999999998,632
RC-19825,Roy Collins,966.4089999999999,633
SS-20875,Sung Shariari,964.6360000000001,634
JH-15910,Jonathan Howell,959.4770000000002,635
JF-15295,Jason Fortune-,955.124,636
RP-19270,Rachel Payne,954.6451999999999,637
BS-11800,Bryan Spruell,949.43,638
RF-19840,Roy Französisch,945.222,639
EB-13930,Eric Barreto,944.6000000000001,640
MF-17665,Maureen Fritzler,937.039,641
EM-13960,Eric Murdock,933.704,642
AC-10420,Alyssa Crouse,925.8,643
EH-14185,Evan Henry,923.884,644
MO-17500,Mary O'Rourke,922.487,645
AB-10255,Alejandro Ballentine,914.5319999999998,646
KB-16405,Katrina Bavinger,908.8209999999999,647
CG-12040,Catherine Glotzbach,904.468,648
SC-20575,Sonia Cooley,902.7280000000001,649
JB-15925,Joni Blumstein,900.552,650
HZ-14950,Henia Zydlo,886.5199999999999,651
AB-10015,Aaron Bergman,886.156,652
RC-19960,Ryan Crowe,885.752,653
CS-12130,Chad Sievert,884.64,654
HE-14800,Harold Engle,883.5320000000002,655
SK-19990,Sally Knutson,883.409,656
RE-19450,Richard Eichhorn,876.696,657
JM-15655,Jim Mitchum,864.9470000000001,658
JR-15700,Jocasta Rupert,863.88,659
AF-10885,Art Foster,861.5649999999999,660
JC-16105,Julie Creighton,858.576,661
MS-17980,Michael Stewart,855.1160000000001,662
VF-21715,Vicky Freymann,847.944,663
VG-21790,Vivek Gonzalez,846.0100000000001,664
CS-12175,Charles Sheldon,844.4580000000001,665
TB-21355,Todd Boyes,834.328,666
AS-10630,Ann Steele,833.398,667
EH-13990,Erica Hackney,825.9499999999999,668
TB-21190,Thomas Brumley,816.174,669
AM-10360,Alice McCarthy,814.0120000000001,670
BM-11575,Brendan Murry,808.1619999999999,671
DK-13150,David Kendrick,797.832,672
MC-17635,Matthew Clasen,795.1540000000001,673
BF-11275,Beth Fritzler,791.9899999999999,674
HG-14845,Harry Greene,785.628,675
MG-17890,Michael Granlund,776.384,676
MM-18280,Muhammed MacIntyre,775.4140000000001,677
SF-20065,Sandra Flanagan,763.5459999999998,678
SW-20755,Steven Ward,758.696,679
LP-17080,Liz Pelletier,756.606,680
Dl-13600,Dorris liebe,755.602,681
IG-15085,Ivan Gibson,744.574,682
BB-10990,Barry Blumstein,744.3399999999999,683
TC-21535,Tracy Collins,742.558,684
ML-18040,Michelle Lonsdale,742.082,685
RH-19555,Ritsa Hightower,740.382,686
PB-18805,Patrick Bzostek,740.356,687
AH-10585,Angele Hood,738.504,688
HM-14980,Henry MacAllister,736.276,689
PH-18790,Patricia Hirasaki,729.648,690
PA-19060,Pete Armstrong,729.408,691
JJ-15445,Jennifer Jackson,709.1780000000001,692
JD-16060,Julia Dunbar,695.4420000000001,693
PB-19105,Peter Bühler,688.324,694
EH-13945,Eric Hoffmann,684.171,695
TR-21325,Toby Ritter,675.942,696
AG-10330,Alex Grayson,660.972,697
BK-11260,Berenike Kampe,659.138,698
BD-11770,Bryan Davis,658.466,699
AC-10660,Anna Chung,657.316,700
AW-10840,Anthony Witt,649.376,701
LO-17170,Lori Olson,644.35,702
JB-16000,Joy Bell-,644.1188,703
CD-11980,Carol Darley,639.766,704
MR-17545,Mathew Reese,639.178,705
AJ-10960,Astrea Jones,629.2479999999999,706
RR-19315,Ralph Ritter,615.932,707
SS-20515,Shirley Schmidt,613.4000000000001,708
BT-11440,Bobby Trafton,603.876,709
BF-10975,Barbara Fisher,599.798,710
MZ-17335,Maria Zettner,593.606,711
DL-13330,Denise Leinenbach,585.02,712
AS-10240,Alan Shonely,584.6080000000001,713
BD-11635,Brian Derr,582.646,714
NK-18490,Neil Knudson,572.048,715
CM-11935,Carlos Meador,565.392,716
CS-12460,Chuck Sachs,550.6440000000001,717
CS-11860,Cari Schnelling,537.6320000000001,718
JH-15820,John Huston,528.9100000000001,719
RB-19570,Rob Beeghly,528.546,720
AY-10555,Andy Yotov,497.01400000000007,721
CR-12625,Corey Roper,475.9,722
MS-17530,MaryBeth Skach,475.65599999999995,723
JS-15940,Joni Sundaresam,469.169,724
EC-14050,Erin Creighton,461.914,725
KM-16660,Khloe Miller,453.538,726
KW-16570,Kelly Williams,449.09600000000006,727
TT-21265,Tim Taslimi,439.5,728
ST-20530,Shui Tom,433.34,729
VG-21805,Vivek Grady,427.372,730
SS-20590,Sonia Sunley,418.49,731
BT-11485,Brad Thomas,415.19599999999997,732
MH-17440,Mark Haberlin,400.016,733
BW-11065,Barry Weirich,385.516,734
JD-16015,Joy Daniels,385.43,735
JK-15325,Jason Klamczynski,383.812,736
VM-21835,Vivian Mathis,380.69,737
NF-18475,Neil Französisch,377.16200000000003,738
MS-17830,Melanie Seite,370.348,739
LS-17230,Lycoris Saunders,368.88,740
AG-10300,Aleksandra Gannaway,367.548,741
EM-14200,Evan Minnotte,366.822,742
HJ-14875,Heather Jas,358.1,743
DW-13540,Don Weiss,344.08000000000004,744
LT-16765,Larry Tron,329.876,745
BD-11560,Brendan Dodson,320.53999999999996,746
LH-17020,Lisa Hazard,318.239,747
JH-15430,Jennifer Halladay,309.281,748
JM-15580,Jill Matthias,303.948,749
CM-12445,Chuck Magee,287.98999999999995,750
LH-16750,Larry Hughes,287.426,751
SC-20845,Sung Chung,280.632,752
SC-20800,Stuart Calhoun,279.256,753
NB-18580,Nicole Brennan,273.87199999999996,754
BF-11080,Bart Folk,272.95,755
DD-13570,Dorothy Dickinson,269.54200000000003,756
BN-11470,Brad Norvell,265.296,757
AR-10510,Andrew Roberts,264.86400000000003,758
HD-14785,Harold Dahlen,251.36,759
SM-20005,Sally Matthias,244.494,760
PL-18925,Paul Lucas,239.48100000000002,761
GP-14740,Guy Phonely,236.53,762
EM-14065,Erin Mull,228.99,763
GT-14755,Guy Thornton,226.43599999999998,764
RB-19645,Robert Barroso,221.08399999999997,765
HH-15010,Hilary Holden,218.668,766
AG-10390,Allen Goldenen,200.945,767
JJ-15760,Joel Jenkins,195.0,768
AG-10765,Anthony Garverick,170.58399999999997,769
ML-18265,Muhammed Lee,162.232,770
AO-10810,Anthony O'Donnell,161.28,771
PT-19090,Pete Takahito,160.572,772
DA-13450,Dianna Arnett,156.76,773
MO-17950,Michael Oakman,154.288,774
GH-14665,Greg Hansen,146.94080000000002,775
PB-19210,Phillip Breyer,132.738,776
BO-11425,Bobby Odegard,130.83,777
EL-13735,Ed Ludwig,124.28,778
CC-12550,Clay Cheatham,113.832,779
RM-19750,Roland Murray,98.35,780
KS-16300,Karen Seio,88.47200000000001,781
AR-10570,Anemone Ratner,88.15,782
FW-14395,Fred Wasserman,79.75,783
JC-15340,Jasper Cacioppo,71.26299999999999,784
AS-10135,Adrian Shami,58.82,785
LB-16735,Larry Blacks,50.188,786
RE-19405,Ricardo Emerson,48.36,787
SG-20890,Susan Gilcrest,47.946,788
RS-19870,Roy Skaria,22.328,789
MG-18205,Mitch Gastineau,16.739,790
CJ-11875,Carl Jackson,16.52,791
LD-16855,Lela Donovan,5.304,792
TS-21085,Thais Sissman,4.833,793
