customer_id,customer_name,highest_order_value
SM-20320,Sean Miller,22638.48
TC-20980,Tamara Chand,17499.95
RB-19360,Raymond Buch,13999.96
TA-21385,Tom Ashbrook,11199.968
HL-15040,Hunter Lopez,10499.97
AB-10105,Adrian Barton,9892.74
SC-20095,Sanjit Chand,9449.95
BS-11365,Bill Shonely,9099.93
SE-20110,Sanjit Engle,8749.95
CC-12370,Christopher Conant,8399.976
KL-16645,Ken Lonsdale,8187.65
BM-11140,Becky Martin,8159.952
GT-14635,Grant Thornton,7999.98
TB-21400,Tom Boeckenhauer,6999.96
CM-12385,Christopher Martinez,6354.95
AR-10540,Andy Reiter,5443.96
DR-12940,Daniel Raglin,5399.91
TS-21370,Todd Sumrall,5199.96
JW-15220,Jane Waco,5083.96
EH-13765,Edward Hooks,4912.59
HM-14860,Harry Marie,4899.93
KD-16270,Karen Daniels,4899.93
NC-18535,Nick Crebassa,4799.984
JA-15970,Joseph Airdo,4663.736
KD-16495,Keith Dawkins,4643.8
JM-15865,John Murray,4548.81
DP-13390,Dennis Pardue,4535.976
CS-12505,Cindy Stewart,4499.985
MJ-17740,Max Jones,4476.8
TP-21415,Tom Prescott,4416.174
QJ-19255,Quincy Jones,4404.9
PO-18850,Patrick O'Brill,4367.896
AB-10060,Adam Bellavance,4355.168
PK-19075,Pete Kriz,4305.552
JH-15985,Joseph Holt,4297.644
PF-19120,Peter Fuller,4228.704
CP-12085,Cathy Prescott,4164.05
GM-14695,Greg Maxwell,4164.05
KF-16285,Karen Ferguson,4158.912
GT-14710,Greg Tran,4007.84
CJ-12010,Caroline Jumper,3999.95
NM-18445,Nathan Mautz,3991.98
AA-10315,Alex Avila,3930.072
SD-20485,Shirley Daniels,3812.97
LW-17215,Luke Weiss,3785.292
NP-18700,Nora Preis,3610.848
LA-16780,Laura Armstrong,3504.9
KH-16690,Kristen Hastings,3499.93
MS-17365,Maribeth Schnelling,3406.664
SR-20740,Steven Roelle,3404.5
EB-13840,Ellis Ballard,3393.68
PS-19045,Penelope Sewall,3359.952
RH-19510,Rick Huthwaite,3357.6
KC-16540,Kelly Collister,3347.37
GH-14425,Gary Hwang,3266.376
FH-14365,Fred Hopkins,3149.93
TB-21520,Tracy Blumstein,3083.43
KW-16435,Katrina Willman,3080.0
BW-11110,Bart Watters,3059.982
SB-20290,Sean Braxton,3059.982
LC-16885,Lena Creighton,3050.376
MC-17425,Mark Cousins,3040.0
ME-17320,Maria Etezadi,3023.928
AD-10180,Alan Dominguez,2999.95
JE-15610,Jim Epp,2999.95
SB-20185,Sarah Brown,2973.32
BD-11500,Bradley Drucker,2939.93
YC-21895,Yoseph Carroll,2934.33
SV-20365,Seth Vernon,2888.127
SC-20230,Scot Coram,2887.056
RM-19675,Robert Marley,2879.952
RP-19390,Resi Pölking,2807.84
SC-20305,Sean Christensen,2803.92
DM-13015,Darrin Martin,2799.96
IM-15055,Ionia McGrath,2799.96
NW-18400,Natalie Webber,2799.944
YS-21880,Yana Sorensen,2793.528
SA-20830,Sue Ann Reed,2735.952
MW-18235,Mitch Willingham,2715.93
DM-13345,Denise Monton,2690.97
AS-10285,Alejandro Savely,2678.94
LC-16960,Lindsay Castell,2676.672
SF-20200,Sarah Foster,2665.62
AT-10735,Annie Thurman,2625.12
JL-15835,John Lee,2624.985
ED-13885,Emily Ducich,2621.322
GK-14620,Grace Kelly,2575.944
BD-11320,Bill Donatelli,2567.84
JE-15715,Joe Elijah,2563.056
SR-20425,Sharelle Roach,2549.985
CL-12565,Clay Ludtke,2548.56
PW-19240,Pierre Wener,2541.98
RW-19540,Rick Wilson,2518.29
JD-16150,Justin Deggeller,2504.74
JK-16090,Juliana Krohn,2479.96
JE-15745,Joel Eaton,2453.43
MT-17815,Meg Tillman,2430.08
HW-14935,Helen Wasserman,2405.2
TT-21070,Ted Trevino,2404.704
HK-14890,Heather Kirkland,2399.96
HR-14830,Harold Ryan,2399.96
LC-16930,Linda Cazamias,2396.4
AG-10675,Anna Gayman,2396.2656
JK-15640,Jim Kriz,2395.2
ES-14020,Erica Smith,2357.488
PP-18955,Paul Prost,2348.82
Dp-13240,Dean percer,2321.9
RH-19495,Rick Hansen,2309.65
CM-12655,Corinna Mitchell,2279.96
AH-10690,Anna Häberlin,2275.5
PM-19135,Peter McVee,2249.91
TB-21175,Thomas Boland,2249.91
TS-21205,Thomas Seio,2239.936
LF-17185,Luke Foster,2177.584
NP-18670,Nora Paige,2154.9
JD-15895,Jonathan Doherty,2104.55
DB-13270,Deborah Brumfield,2079.4
RB-19795,Ross Baird,2065.32
MZ-17515,Mary Zewe,2033.584
NF-18385,Natalie Fritzler,2025.36
TW-21025,Tamara Willingham,2003.92
CM-12160,Charles McCrossin,2003.52
LP-17095,Liz Preis,2003.168
DW-13480,Dianna Wilson,2001.86
CA-11965,Carol Adams,1999.96
HG-15025,Hunter Glantz,1999.96
RA-19915,Russell Applegate,1983.968
DG-13300,Deirdre Greer,1979.89
JE-16165,Justin Ellison,1951.84
SP-20620,Stefania Perrino,1931.958
ND-18370,Natalie DeCherney,1931.04
BE-11335,Bill Eplett,1928.78
FC-14245,Frank Carlisle,1927.59
RW-19690,Robert Waldorf,1924.16
CC-12145,Charles Crestani,1919.976
HG-14965,Henry Goldwyn,1889.99
TT-21460,Tonja Turnell,1879.96
VP-21760,Victoria Pisteka,1875.258
JK-15205,Jamie Kunitz,1871.88
SC-20050,Sample Company A,1856.19
IM-15070,Irene Maddox,1819.86
DL-13495,Dionis Lloyd,1801.632
JD-15790,John Dryer,1801.632
SM-20950,Suzanne McNair,1801.632
JG-15115,Jack Garza,1799.97
KT-16480,Kean Thornton,1799.97
AC-10450,Amy Cox,1793.98
SC-20380,Shahid Collister,1781.682
BB-11545,Brenda Bowman,1779.9
AJ-10780,Anthony Jacobs,1737.18
BH-11710,Brosina Hoffman,1706.184
DJ-13630,Doug Jacobs,1704.56
GB-14575,Giulietta Baptist,1690.04
KM-16375,Katherine Murray,1687.8
LW-16990,Lindsay Williams,1685.88
SP-20860,Sung Pak,1684.752
AI-10855,Arianne Irving,1679.96
RD-19480,Rick Duston,1676.88
CR-12580,Clay Rozendal,1673.184
MC-17845,Michael Chen,1669.6
MM-17920,Michael Moore,1652.94
MP-17965,Michael Paige,1652.94
GZ-14545,George Zrebassa,1649.95
NM-18520,Neoma Murray,1649.95
BE-11410,Bobby Elias,1649.75
FC-14335,Fred Chung,1640.7
TH-21550,Tracy Hopkins,1633.188
BM-11650,Brian Moss,1633.14
TC-21295,Toby Carlisle,1628.82
AR-10825,Anthony Rawles,1626.192
SG-20605,Speros Goranitis,1619.91
JS-15880,John Stevenson,1618.37
DC-12850,Dan Campbell,1614.582
AM-10705,Anne McFarland,1604.9
DJ-13510,Don Jones,1603.136
MA-17995,Michelle Arnett,1603.136
JF-15565,Jill Fjeld,1599.92
RO-19780,Rose O'Brian,1598.058
BO-11350,Bill Overfelt,1592.85
TP-21130,Theone Pippenger,1586.69
CP-12340,Christine Phan,1579.746
AH-10210,Alan Hwang,1577.94
RD-19660,Robert Dilbeck,1577.94
PV-18985,Paul Van Hugh,1575.14
PC-18745,Pamela Coakley,1573.488
JO-15145,Jack O'Briant,1565.88
CB-12535,Claudia Bergmann,1564.29
TH-21115,Thea Hudgings,1554.936
SC-20260,Scott Cohen,1552.831
DB-13120,David Bremer,1548.99
SP-20920,Susan Pistek,1537.074
NC-18415,Nathan Cano,1525.188
EB-13750,Edward Becker,1522.638
ZC-21910,Zuschuss Carroll,1516.2
MH-18025,Michelle Huthwaite,1504.52
TH-21100,Thea Hendricks,1502.376
FM-14290,Frank Merwin,1499.97
EM-14140,Eugene Moren,1499.95
MG-17680,Maureen Gastineau,1497.666
AR-10405,Allen Rosenblatt,1488.424
BT-11305,Beth Thompson,1487.04
JL-15505,Jeremy Lonsdale,1473.1
JF-15415,Jennifer Ferguson,1471.96
DJ-13420,Denny Joy,1454.9
IL-15100,Ivan Liston,1454.49
GA-14515,George Ashbrook,1447.65
FO-14305,Frank Olsen,1441.3
AS-10045,Aaron Smayling,1439.982
CB-12415,Christy Brittain,1439.976
DF-13135,David Flashing,1439.968
SL-20155,Sara Luxemburg,1439.92
GM-14680,Greg Matthias,1432.0
MH-17455,Mark Hamilton,1424.9
SJ-20125,Sanjit Jacobs,1415.76
DE-13255,Deanra Eno,1408.1
TM-21010,Tamara Manning,1406.86
SF-20965,Sylvia Foulston,1403.92
SH-20635,Stefanie Holloman,1403.92
CM-12235,Chris McAfee,1399.944
PJ-19015,Pauline Johnson,1399.93
VD-21670,Valerie Dominguez,1399.93
LD-17005,Lisa DeCherney,1395.54
AS-10225,Alan Schoenberger,1394.95
BG-11035,Barry Gonzalez,1369.764
OT-18730,Olvera Toch,1369.764
TS-21430,Tom Stivers,1367.84
JK-15730,Joe Kamberova,1363.96
RL-19615,Rob Lucas,1362.9
KL-16555,Kelly Lampkin,1359.96
AH-10465,Amy Hunt,1352.3976
MW-18220,Mitch Webber,1349.91
EN-13780,Edward Nazzal,1349.85
EM-13810,Eleni McCrary,1348.704
ND-18460,Neil Ducich,1347.52
KH-16510,Keith Herrera,1336.829
AG-10270,Alejandro Grove,1336.44
BD-11605,Brian Dahlen,1325.85
RR-19525,Rick Reed,1325.85
CL-12700,Craig Leslie,1325.76
GM-14440,Gary McGarr,1325.76
AA-10645,Anna Andreadi,1323.9
DB-13060,Dave Brooks,1322.93
KC-16255,Karen Carlisle,1319.96
ES-14080,Erin Smith,1319.8
FP-14320,Frank Preis,1317.492
DL-12925,Daniel Lacy,1299.99
BS-11665,Brian Stugart,1297.368
SG-20080,Sandra Glassco,1295.84
DK-13225,Dean Katz,1295.78
VM-21685,Valerie Mitchum,1294.75
EB-13705,Ed Braxton,1293.488
KB-16240,Karen Bern,1287.45
PW-19030,Pauline Webber,1287.45
TB-21280,Toby Braunhardt,1287.45
AC-10615,Ann Chong,1282.41
TN-21040,Tanja Norvell,1272.63
BF-11170,Ben Ferrer,1270.99
JB-16045,Julia Barnett,1267.65
PF-19165,Philip Fox,1266.86
JG-15160,James Galang,1265.85
RF-19345,Randy Ferguson,1263.3
RS-19765,Roland Schwarz,1261.33
CD-11920,Carlos Daly,1259.97
KH-16630,Ken Heidel,1259.93
SS-20410,Shahid Shariari,1252.704
VW-21775,Victoria Wilson,1247.64
NH-18610,Nicole Hansen,1245.86
HP-14815,Harold Pawlan,1242.9
CA-12775,Cynthia Arntzen,1228.465
CM-12715,Craig Molinari,1227.9984
MC-17590,Matt Collister,1218.735
NP-18325,Naresj Patel,1217.568
SW-20455,Shaun Weien,1217.568
RA-19885,Ruben Ausman,1215.92
TS-21610,Troy Staebel,1212.96
KH-16360,Katherine Hughes,1207.84
CC-12610,Corey Catlett,1202.94
EB-14110,Eugene Barchas,1199.976
LR-16915,Lena Radford,1199.976
RA-19285,Ralph Arnett,1199.96
EK-13795,Eileen Kiefer,1198.33
LL-16840,Lauren Leatherbury,1196.86
AJ-10795,Anthony Johnson,1194.165
CV-12295,Christina VanderZanden,1184.72
MH-18115,Mick Hernandez,1169.694
SC-20440,Shaun Chance,1158.12
MH-17620,Matt Hagelstein,1145.6
PK-18910,Paul Knutson,1141.47
CK-12325,Christine Kargatis,1139.92
KN-16705,Kristina Nunn,1137.75
RS-19420,Ricardo Sperren,1133.35
CH-12070,Cathy Hwang,1127.976
TG-21640,Trudy Glocke,1125.488
JL-15850,John Lucas,1119.984
BP-11185,Ben Peterman,1119.888
AW-10930,Arthur Wiediger,1117.92
MP-18175,Mike Pelletier,1117.92
MG-18145,Mike Gockenbach,1115.91
SC-20725,Steven Cartwright,1114.4
RW-19630,Rob Williams,1114.272
BS-11590,Brendan Sweed,1113.024
LB-16795,Laurel Beltran,1112.94
BT-11395,Bill Tyler,1106.91
PF-19225,Phillip Flathmann,1101.48
GD-14590,Giulietta Dortch,1099.5
GH-14485,Gene Hale,1097.544
MG-17650,Matthew Grinstein,1091.168
JP-15520,Jeremy Pistek,1089.75
DH-13075,Dave Hallsten,1087.936
MD-17350,Maribeth Dona,1080.096
RB-19705,Roger Barcio,1079.85
TB-21625,Trudy Brown,1079.316
KN-16450,Kean Nguyen,1075.088
LC-17140,Logan Currie,1071.0
PM-18940,Paul MacIntyre,1056.86
MY-18295,Muhammed Yedwab,1049.97
RD-19585,Rob Dowd,1049.93
EJ-13720,Ed Jacobs,1049.44
LS-16975,Lindsay Shagiari,1049.2
RB-19465,Rick Bensley,1049.2
FM-14215,Filia McAdams,1048.35
EB-13870,Emily Burns,1044.63
SG-20470,Sheri Gordon,1044.63
MK-17905,Michael Kennedy,1043.92
JP-15460,Jennifer Patt,1040.8
CK-12205,Chloris Kastensmidt,1039.992
JO-15280,Jas O'Carroll,1038.84
BF-11020,Barry Französisch,1035.8
JM-15265,Janet Molinari,1029.95
GR-14560,Georgia Rosenberg,1025.88
AS-10090,Adam Shillingsburg,1024.38
AG-10900,Arthur Gainer,1023.936
BP-11230,Benjamin Patterson,1022.97
TG-21310,Toby Gnade,1016.792
KB-16585,Ken Black,1013.832
TD-20995,Tamara Dahlen,1013.488
PO-19180,Philisse Overcash,1007.979
PC-19000,Pauline Chand,1004.976
GH-14410,Gary Hansen,1001.584
NP-18685,Nora Pelletier,999.98
CB-12025,Cassandra Brandow,999.432
BT-11680,Brian Thompson,998.85
CC-12685,Craig Carroll,991.2
BP-11155,Becky Pak,989.97
KM-16720,Kunst Miller,979.95
MN-17935,Michael Nguyen,979.95
MC-17275,Marc Crier,975.92
GZ-14470,Gary Zandusky,971.5
DP-13105,Dave Poirier,968.744
KT-16465,Kean Takahito,966.7
DK-13375,Dennis Kane,965.85
CS-11845,Cari Sayre,963.136
JW-16075,Julia West,962.08
AH-10195,Alan Haines,961.48
DB-13615,Doug Bickford,959.984
DK-13090,Dave Kipp,959.984
SU-20665,Stephanie Ulpright,959.984
EB-13975,Erica Bern,959.968
SO-20335,Sean O'Donnell,957.5775
EP-13915,Emily Phan,956.6648
SV-20815,Stuart Van,946.344
SH-20395,Shahid Hopkins,945.036
DB-13555,Dorothy Badders,942.784
JL-15130,Jack Lebron,934.956
FH-14275,Frank Hawley,931.176
CC-12670,Craig Carreira,917.9235
DB-12910,Daniel Byrd,915.136
NF-18595,Nicole Fjeld,915.136
TS-21655,Trudy Schmidt,913.43
CA-12265,Christina Anderson,912.75
MD-17860,Michael Dominguez,909.12
JM-15250,Janet Martin,908.82
BS-11380,Bill Stewart,906.68
CR-12730,Craig Reiter,904.9
MC-18130,Mike Caudle,902.712
EJ-14155,Eva Jacobs,901.95
JK-16120,Julie Kriz,900.08
DV-13465,Dianna Vittorini,899.95
DR-12880,Dan Reichenbach,899.91
AB-10600,Ann Blume,899.136
MP-17470,Mark Packer,899.136
AT-10435,Alyssa Tate,896.328
CY-12745,Craig Yedwab,895.944
WB-21850,William Brown,895.92
BT-11530,Bradley Talbott,892.224
DB-13210,Dean Braden,887.271
NS-18505,Neola Schneider,887.271
DP-13165,David Philippe,883.92
LT-17110,Liz Thompson,881.93
SW-20275,Scott Williamson,881.93
ER-13855,Elpida Rittenbach,876.3
DK-12835,Damala Kotsonis,872.94
CT-11995,Carol Triggs,872.32
CD-12790,Cynthia Delaney,868.59
DB-12970,Darren Budd,866.646
LC-17050,Liz Carlisle,866.4
MV-18190,Mike Vittorini,863.928
JR-15700,Jocasta Rupert,863.88
RD-19900,Ruben Dartt,862.344
KD-16345,Katherine Ducich,861.76
DK-12895,Dana Kaydos,860.93
FA-14230,Frank Atkinson,859.2
SB-20170,Sarah Bern,858.24
CV-12805,Cynthia Voltz,856.656
LS-16945,Linda Southworth,854.352
BE-11455,Brad Eason,848.544
JH-16180,Justin Hirsh,845.728
BG-11695,Brooke Gillingham,845.488
SV-20785,Stewart Visinsky,844.116
JK-15625,Jim Karlsson,843.9
AP-10915,Arthur Prichep,842.94
DN-13690,Duane Noonan,842.72
JL-15175,James Lanier,842.376
JF-15355,Jay Fein,842.352
AH-10075,Adam Hart,841.568
NZ-18565,Nick Zandusky,838.38
MS-17770,Maxwell Schwartz,837.6
MG-17695,Maureen Gnade,835.17
KH-16330,Katharine Harms,833.94
ML-17410,Maris LaWare,832.93
RK-19300,Ralph Kennedy,831.2
PJ-18835,Patrick Jones,826.11
JM-16195,Justin MacKendrick,826.0
GM-14455,Gary Mitchum,824.95
ZD-21925,Zuschuss Donatelli,823.96
SC-20680,Steve Carroll,821.94
EB-14170,Evan Bailliet,807.75
BW-11200,Ben Wallace,806.336
ME-18010,Michelle Ellison,801.568
MY-17380,Maribeth Yedwab,801.568
MA-17560,Matt Abelman,799.984
FH-14350,Fred Harton,799.96
JM-15535,Jessica Myrick,799.56
MG-17875,Michael Grace,796.425
DM-12955,Dario Medina,795.408
LR-17035,Lisa Ryan,791.964
JC-15385,Jenna Caffey,786.48
JS-15595,Jill Stevenson,783.96
CL-11890,Carl Ludwig,782.94
BS-11755,Bruce Stewart,779.796
MH-17290,Marc Harrigan,776.85
DM-13525,Don Miller,772.68
JE-15475,Jeremy Ellison,772.47
TB-21190,Thomas Brumley,767.214
MM-18055,Michelle Moray,765.625
MC-18100,Mick Crebagga,763.28
SN-20560,Skye Norling,762.594
LW-17125,Liz Willingham,756.8
VB-21745,Victoria Brennan,756.8
TB-21595,Troy Blackwell,754.45
JL-15235,Janet Lee,751.984
SJ-20500,Shirley Jackson,751.92
EH-14125,Eugene Hildebrand,748.752
CS-12400,Christopher Schild,743.988
RB-19435,Richard Bierner,735.98
CG-12520,Claire Gute,731.94
MH-17785,Maya Herman,730.2
NC-18625,Noah Childs,727.45
HZ-14950,Henia Zydlo,723.92
MO-17800,Meg O'Connel,723.92
MO-17500,Mary O'Rourke,722.352
DV-13045,Darrin Van Huff,721.875
SC-20770,Stewart Carmichael,718.116
KD-16615,Ken Dana,717.72
JR-16210,Justin Ritter,717.12
SC-20695,Steve Chapman,714.3
JC-15775,John Castell,705.544
NC-18340,Nat Carroll,704.76
RH-19555,Ritsa Hightower,704.76
JG-15805,John Grady,704.25
ME-17725,Max Engle,701.96
RP-19855,Roy Phan,699.98
AC-10420,Alyssa Crouse,698.352
JG-15310,Jason Gross,695.16
BF-11215,Benjamin Farhat,692.94
HR-14770,Hallie Redmond,687.4
CC-12475,Cindy Chapman,686.4
PH-18790,Patricia Hirasaki,683.952
BC-11125,Becky Castell,681.408
CM-12115,Chad McGuire,677.58
BD-11725,Bruce Degenhardt,675.06
MC-17605,Matt Connell,674.058
HA-14920,Helen Andreada,671.93
AH-10030,Aaron Hawkins,668.16
ML-17755,Max Ludwig,663.936
TS-21505,Tony Sayre,662.88
AF-10870,Art Ferguson,662.84
BF-11005,Barry Franz,659.976
Dl-13600,Dorris liebe,658.746
RB-19330,Randy Bradley,657.93
CK-12760,Cyma Kinney,652.45
TP-21565,Tracy Poddar,650.352
SC-20575,Sonia Cooley,647.84
LM-17065,Liz MacKendrick,646.776
CS-12250,Chris Selesnick,646.74
DK-12985,Darren Koutras,646.2
BV-11245,Benjamin Venier,643.136
LE-16810,Laurel Elliston,641.96
LH-16900,Lena Hernandez,638.82
AJ-10945,Ashley Jarboe,638.73
BP-11290,Beth Paige,638.288
CC-12220,Chris Cortes,637.896
SZ-20035,Sam Zeldin,637.44
VF-21715,Vicky Freymann,634.116
TB-21250,Tim Brockman,631.96
MM-17260,Magdelene Morse,631.782
GW-14605,Giulietta Weimer,631.176
ON-18715,Odella Nelson,630.024
SK-19990,Sally Knutson,629.958
KB-16600,Ken Brennan,629.95
GM-14500,Gene McClure,629.93
CC-12100,Chad Cunningham,627.168
MB-18085,Mick Brown,627.168
RD-19930,Russell D'Ascenzo,623.96
DS-13180,David Smith,622.45
CS-12355,Christine Sundaresam,619.95
CM-12190,Charlotte Melton,607.52
LS-17200,Luke Schmidt,605.34
PO-18865,Patrick O'Donnell,604.752
PB-19105,Peter Bühler,604.656
TZ-21580,Tracy Zic,603.92
VS-21820,Vivek Sundaresam,602.651
KM-16225,Kalyca Meade,601.65
JS-16030,Joy Smith,600.558
EA-14035,Erin Ashbrook,599.99
KE-16420,Katrina Edelman,599.9
KN-16390,Katherine Nockton,598.458
TS-21160,Theresa Swint,595.38
ML-18040,Michelle Lonsdale,595.0
PG-18820,Patrick Gardner,595.0
DB-13660,Duane Benoit,594.816
CW-11905,Carl Weiss,592.74
NL-18310,Nancy Lomonaco,590.352
JR-15670,Jim Radford,590.058
EH-14185,Evan Henry,588.784
CS-11950,Carlos Soltero,585.552
BP-11095,Bart Pistole,583.8
NG-18355,Nat Gilpin,579.51
HA-14905,Helen Abelman,579.136
SW-20755,Steven Ward,579.136
SC-20020,Sam Craven,577.584
LW-16825,Laurel Workman,575.92
JK-15370,Jay Kimmel,573.174
EM-13960,Eric Murdock,572.8
CM-11815,Candace McMahon,572.58
MK-18160,Mike Kennedy,571.44
PR-18880,Patrick Ryan,568.728
PN-18775,Parhena Norris,563.94
VT-21700,Valerie Takahito,563.808
BP-11050,Barry Pond,563.4
CS-12490,Cindy Schnelling,562.2925
AG-10525,Andy Gerbode,559.71
Co-12640,Corey-Lock,558.4
AZ-10750,Annie Zypern,557.728
HF-14995,Herbert Flentye,556.665
SV-20935,Susan Vittorini,552.0
MF-17665,Maureen Fritzler,551.985
VP-21730,Victor Preis,546.06
TM-21490,Tony Molinari,543.92
RM-19375,Raymond Messe,542.94
EG-13900,Emily Grady,542.646
SH-19975,Sally Hughsby,541.24
NG-18430,Nathan Gelder,540.048
TT-21220,Thomas Thornton,537.544
SN-20710,Steve Nguyen,532.3992
DB-13405,Denny Blanton,526.45
EB-13930,Eric Barreto,526.344
AR-10345,Alex Russell,523.764
RR-19315,Ralph Ritter,520.464
RF-19735,Roland Fjeld,519.96
CC-12430,Chuck Clark,518.272
SW-20350,Sean Wendt,517.9
AG-10495,Andrew Gjertsen,516.96
MT-18070,Michelle Tran,514.165
CA-12055,Cathy Armstrong,513.024
TC-21145,Theresa Coyne,512.96
RA-19945,Ryan Akin,505.176
HM-14980,Henry MacAllister,503.96
NR-18550,Nick Radford,503.96
PG-18895,Paul Gonzalez,503.96
BS-11800,Bryan Spruell,501.81
AA-10375,Allen Armold,499.98
EM-14095,Eudokia Martin,494.97
MF-18250,Monica Federle,494.97
EM-13825,Elizabeth Moffitt,492.768
MS-17710,Maurice Satty,491.55
BG-11740,Bruce Geld,486.368
DL-12865,Dan Lawera,483.136
DW-13585,Dorothy Wardle,482.94
CA-12310,Christine Abelman,481.32
JP-16135,Julie Prescott,481.32
JB-15925,Joni Blumstein,479.988
AB-10255,Alejandro Ballentine,479.984
CS-11860,Cari Schnelling,479.984
KB-16315,Karl Braun,479.984
AA-10480,Andrew Allen,479.97
AB-10150,Aimee Bixby,479.97
ML-17395,Marina Lichtenstein,479.97
BM-11785,Bryan Mills,475.944
PB-19150,Philip Brown,464.85
SP-20545,Sibella Parks,459.95
NS-18640,Noel Staavos,458.43
BN-11515,Bradley Nguyen,454.9
TS-21340,Toby Swindell,454.86
JO-15550,Jesus Ocampo,453.576
LP-17080,Liz Pelletier,451.152
CM-11935,Carlos Meador,451.136
AJ-10960,Astrea Jones,449.15
MC-17635,Matthew Clasen,449.15
DC-13285,Debra Catini,447.944
FG-14260,Frank Gastineau,447.86
CG-12040,Catherine Glotzbach,447.696
CR-12820,Cyra Reiten,438.336
AP-10720,Anne Pryor,437.472
RH-19600,Rob Haberlin,435.504
GG-14650,Greg Guthrie,435.168
DB-13360,Dennis Bolton,434.646
SM-20905,Susan MacKendrick,431.976
CK-12595,Clytie Kelty,431.16
KB-16405,Katrina Bavinger,419.4
RD-19810,Ross DeVincentis,419.4
MV-17485,Mark Van Huff,415.872
JF-15190,Jamie Frazer,415.176
SS-20140,Saphhira Shifley,411.98
TC-21475,Tony Chapman,411.8
DH-13675,Duane Huffman,411.332
DK-13150,David Kendrick,408.744
MB-17305,Maria Bertelson,408.006
PS-18760,Pamela Stobb,399.54
EH-14005,Erica Hernandez,398.352
DL-13330,Denise Leinenbach,393.54
KC-16675,Kimberly Carter,390.272
FM-14380,Fred McMath,389.97
TC-21535,Tracy Collins,389.97
JS-15685,Jim Sink,389.056
JB-15400,Jennifer Braxton,387.99
AH-10585,Angele Hood,383.96
JM-15655,Jim Mitchum,383.952
RF-19840,Roy Französisch,383.64
NB-18655,Nona Balk,383.438
TH-21235,Tiffany House,381.576
AH-10120,Adrian Hane,377.45
DO-13435,Denny Ordway,375.4575
MZ-17335,Maria Zettner,371.97
IG-15085,Ivan Gibson,370.14
RP-19270,Rachel Payne,369.1992
DP-13000,Darren Powers,368.91
DL-13315,Delfina Latchford,361.92
BF-11275,Beth Fritzler,361.376
PS-18970,Paul Stevenson,359.32
BT-11485,Brad Thomas,355.96
MC-17575,Matt Collins,353.88
BT-11440,Bobby Trafton,353.568
AF-10885,Art Foster,349.965
MR-17545,Mathew Reese,347.97
BB-10990,Barry Blumstein,344.704
PO-19195,Phillina Ober,344.372
AB-10015,Aaron Bergman,341.96
CS-12130,Chad Sievert,340.144
LC-16870,Lena Cacioppo,339.96
PA-19060,Pete Armstrong,339.96
LH-17155,Logan Haushalter,338.04
XP-21865,Xylona Preis,337.088
AS-10630,Ann Steele,336.51
BD-11620,Brian DeCherney,333.09
GA-14725,Guy Armstrong,332.94
VG-21805,Vivek Grady,331.536
RC-19825,Roy Collins,328.224
EH-13990,Erica Hackney,327.996
JB-16000,Joy Bell-,327.7328
BW-11065,Barry Weirich,324.744
TT-21265,Tim Taslimi,323.1
KA-16525,Kelly Andreada,321.568
TB-21055,Ted Butterfield,319.41
CD-11980,Carol Darley,318.96
DW-13195,David Wiener,318.43
SJ-20215,Sarah Jordon,317.058
BF-10975,Barbara Fisher,314.55
HG-14845,Harry Greene,314.352
AW-10840,Anthony Witt,310.88
JJ-15445,Jennifer Jackson,307.98
JW-15955,Joni Wasserman,304.45
AB-10165,Alan Barnes,304.23
DO-13645,Doug O'Connell,302.94
TB-21355,Todd Boyes,302.94
JH-15910,Jonathan Howell,302.376
MS-17530,MaryBeth Skach,301.96
EM-14200,Evan Minnotte,298.116
JC-16105,Julie Creighton,292.272
JF-15490,Jeremy Farry,291.168
SS-20875,Sung Shariari,290.352
CR-12625,Corey Roper,289.2
CS-12460,Chuck Sachs,287.97
CS-12175,Charles Sheldon,285.48
NK-18490,Neil Knudson,284.08
LS-17245,Lynn Smith,279.96
SP-20650,Stephanie Phelps,279.96
SS-20515,Shirley Schmidt,279.86
TR-21325,Toby Ritter,278.4
RC-19960,Ryan Crowe,275.49
LH-16750,Larry Hughes,271.96
NF-18475,Neil Französisch,269.98
RD-19720,Roger Demir,268.704
JK-15325,Jason Klamczynski,267.96
MS-17980,Michael Stewart,255.968
SF-20065,Sandra Flanagan,254.9
JS-15940,Joni Sundaresam,254.744
EC-14050,Erin Creighton,249.95
LO-17170,Lori Olson,247.44
DS-13030,Darrin Sayre,242.94
GB-14530,George Bell,241.92
MH-17440,Mark Haberlin,241.5
BD-11770,Bryan Davis,240.784
AM-10360,Alice McCarthy,239.97
RE-19450,Richard Eichhorn,239.9
MS-17830,Melanie Seite,239.372
SW-20245,Scot Wooten,239.358
SC-20845,Sung Chung,237.096
BD-11635,Brian Derr,232.4
BM-11575,Brendan Murry,231.98
AG-10300,Aleksandra Gannaway,230.28
JH-15820,John Huston,228.92
JD-16060,Julia Dunbar,221.16
JF-15295,Jason Fortune-,220.96
BK-11260,Berenike Kampe,214.95
KW-16570,Kelly Williams,212.94
VG-21790,Vivek Gonzalez,211.168
MM-18280,Muhammed MacIntyre,207.984
AC-10660,Anna Chung,201.584
LT-16765,Larry Tron,201.584
SS-20590,Sonia Sunley,199.99
PB-18805,Patrick Bzostek,199.9
RB-19570,Rob Beeghly,198.744
LS-17230,Lycoris Saunders,197.372
KM-16660,Khloe Miller,196.776
AG-10330,Alex Grayson,182.55
HE-14800,Harold Engle,174.95
CD-12280,Christina DeMoss,169.68
BN-11470,Brad Norvell,166.84
HJ-14875,Heather Jas,163.88
AO-10810,Anthony O'Donnell,161.28
SC-20800,Stuart Calhoun,159.984
EM-14065,Erin Mull,159.98
MG-17890,Michael Granlund,156.792
BD-11560,Brendan Dodson,151.96
NB-18580,Nicole Brennan,143.952
AS-10240,Alan Shonely,142.776
ST-20530,Shui Tom,139.44
JD-16015,Joy Daniels,132.6
VM-21835,Vivian Mathis,129.98
BO-11425,Bobby Odegard,124.75
JH-15430,Jennifer Halladay,120.0
DW-13540,Don Weiss,119.96
JJ-15760,Joel Jenkins,119.96
AG-10765,Anthony Garverick,113.1
HH-15010,Hilary Holden,109.92
LH-17020,Lisa Hazard,107.982
SM-20005,Sally Matthias,106.344
JM-15580,Jill Matthias,105.552
GP-14740,Guy Phonely,104.9
HD-14785,Harold Dahlen,104.58
EH-13945,Eric Hoffmann,100.704
AY-10555,Andy Yotov,97.184
BF-11080,Bart Folk,94.85
PT-19090,Pete Takahito,93.456
AR-10510,Andrew Roberts,89.97
EL-13735,Ed Ludwig,86.62
PL-18925,Paul Lucas,83.976
DD-13570,Dorothy Dickinson,79.984
ML-18265,Muhammed Lee,79.98
GH-14665,Greg Hansen,78.8528
RM-19750,Roland Murray,71.97
AG-10390,Allen Goldenen,71.28
PB-19210,Phillip Breyer,69.93
GT-14755,Guy Thornton,61.06
RB-19645,Robert Barroso,58.58
CM-12445,Chuck Magee,56.686
AR-10570,Anemone Ratner,51.75
MO-17950,Michael Oakman,50.12
KS-16300,Karen Seio,48.784
RE-19405,Ricardo Emerson,48.36
CC-12550,Clay Cheatham,47.976
JC-15340,Jasper Cacioppo,47.94
FW-14395,Fred Wasserman,43.6
AS-10135,Adrian Shami,41.28
DA-13450,Dianna Arnett,40.08
LB-16735,Larry Blacks,26.72
SG-20890,Susan Gilcrest,19.648
CJ-11875,Carl Jackson,16.52
MG-18205,Mitch Gastineau,12.32
RS-19870,Roy Skaria,9.648
LD-16855,Lela Donovan,5.304
TS-21085,Thais Sissman,2.808
